dataset,algorithm,source_file,build_parameters_json,build_time_s,candidate_counter_source,candidates_examined_mean,effective_parameters_json,index_size_mb,index_size_source,index_time_s,insert_time_s,latency_p50_s,latency_p95_s,latency_p99_s,predicate_evaluations_mean,qps,query_count_total,query_count_valid,query_coverage,query_parameters_json,recall,run_count,source_campaign,source_note,source_returncode,source_selection,source_task_status,valid,wasted_to_useful_mean,merged_query_points,pareto_frontier
artificial-corr-12-original,acorn,<remote_artifact>,"{""M"":128,""efConstruction"":400,""gamma"":12}",883.302418,acorn_distance_computations,25589.582031,"{""build"":{""M"":128,""efConstruction"":400,""gamma"":12},""query"":{""efSearch"":1600}}",2238.1510066986084,native_serialized_bytes,883.302418,,0.002305017,0.0025611,0.002723165,,430.8,10000.0,10000.0,1.0,"{""efSearch"":1600}",0.9996,1.0,main_20260813,completion marker already exists,,unique,complete,1.0,,5,True
artificial-corr-12-original,acorn,<remote_artifact>,"{""M"":32,""efConstruction"":100,""gamma"":12}",131.679266,acorn_distance_computations,10471.040039,"{""build"":{""M"":32,""efConstruction"":100,""gamma"":12},""query"":{""efSearch"":1600}}",1332.1349086761475,native_serialized_bytes,131.679266,,0.001940303,0.002076695,0.002090272,,514.2,10000.0,10000.0,1.0,"{""efSearch"":1600}",0.9827,1.0,main_20260813,completion marker already exists,,unique,complete,1.0,,5,True
artificial-corr-12-original,acorn,<remote_artifact>,"{""M"":32,""efConstruction"":400,""gamma"":12}",377.215374,acorn_distance_computations,10964.173828,"{""build"":{""M"":32,""efConstruction"":400,""gamma"":12},""query"":{""efSearch"":1600}}",1332.1349086761475,native_serialized_bytes,377.215374,,0.001007408,0.001126328,0.00117559,,986.2,10000.0,10000.0,1.0,"{""efSearch"":1600}",0.99,1.0,main_20260813,completion marker already exists,,unique,complete,1.0,,5,False
artificial-corr-12-original,acorn,<remote_artifact>,"{""M"":64,""efConstruction"":100,""gamma"":12}",237.392942,acorn_distance_computations,16951.5,"{""build"":{""M"":64,""efConstruction"":100,""gamma"":12},""query"":{""efSearch"":1600}}",1633.8082332611084,native_serialized_bytes,237.392942,,0.001479365,0.00177398,0.001844777,,663.7,10000.0,10000.0,1.0,"{""efSearch"":1600}",0.9969,1.0,main_20260813,completion marker already exists,,unique,complete,1.0,,5,True
artificial-corr-12-original,acorn,<remote_artifact>,"{""M"":64,""efConstruction"":400,""gamma"":12}",548.843091,acorn_distance_computations,17270.767578,"{""build"":{""M"":64,""efConstruction"":400,""gamma"":12},""query"":{""efSearch"":1600}}",1633.8082332611084,native_serialized_bytes,548.843091,,0.001550115,0.00193828,0.001946725,,632.6,10000.0,10000.0,1.0,"{""efSearch"":1600}",0.998,1.0,main_20260813,completion marker already exists,,unique,complete,1.0,,5,True
artificial-corr-12-original,digra,<remote_artifact>,"{""M"":128,""efConstruction"":400}",19329.2,,,"{""build"":{""M"":128,""efConstruction"":400},""query"":{""efSearch"":1600}}",,missing,19329.2,,0.0105479,0.012364,0.0128799,,96.1179,10000.0,10000.0,1.0,"{""efSearch"":1600}",0.999951,1.0,main_20260813,completion marker already exists,,unique,complete,1.0,,5,False
artificial-corr-12-original,digra,<remote_artifact>,"{""M"":32,""efConstruction"":100}",3784.54,,,"{""build"":{""M"":32,""efConstruction"":100},""query"":{""efSearch"":1600}}",,missing,3784.54,,0.00647915,0.00750027,0.00786175,,156.879,10000.0,10000.0,1.0,"{""efSearch"":1600}",0.997551,1.0,main_20260813,completion marker already exists,,unique,complete,1.0,,5,True
artificial-corr-12-original,digra,<remote_artifact>,"{""M"":32,""efConstruction"":400}",11682.9,,,"{""build"":{""M"":32,""efConstruction"":400},""query"":{""efSearch"":1600}}",,missing,11682.9,,0.00561797,0.00635654,0.00666248,,180.914,10000.0,10000.0,1.0,"{""efSearch"":1600}",0.999418,1.0,main_20260813,completion marker already exists,,unique,complete,1.0,,5,False
artificial-corr-12-original,digra,<remote_artifact>,"{""M"":64,""efConstruction"":100}",4335.1,,,"{""build"":{""M"":64,""efConstruction"":100},""query"":{""efSearch"":1600}}",,missing,4335.1,,0.00687843,0.00808059,0.00846621,,147.296,10000.0,10000.0,1.0,"{""efSearch"":1600}",0.999263,1.0,main_20260813,completion marker already exists,,unique,complete,1.0,,5,True
artificial-corr-12-original,digra,<remote_artifact>,"{""M"":64,""efConstruction"":400}",13853.8,,,"{""build"":{""M"":64,""efConstruction"":400},""query"":{""efSearch"":1600}}",,missing,13853.8,,0.00735579,0.00844487,0.00882745,,138.065,10000.0,10000.0,1.0,"{""efSearch"":1600}",0.999792,1.0,main_20260813,completion marker already exists,,unique,complete,1.0,,5,False
artificial-corr-12-original,elasticsearch-hnsw,,"[""euclidean"",256,{""M"":128,""efConstruction"":400}]",705.7165577411652,,,"{""build"":[""euclidean"",256,{""M"":128,""efConstruction"":400}],""query"":[1600]}",4.265625,index_size_raw_kb,14.05479884147644,691.6617588996887,0.5892701148986816,1.0786304354667662,1.3735606217384344,,44.1817297219949,10000.0,10000.0,1.0,[1600],0.9999969999999999,1.0,main_hdf5_20260813,,,unique,complete,1.0,,5,False
artificial-corr-12-original,elasticsearch-hnsw,,"[""euclidean"",256,{""M"":32,""efConstruction"":100}]",559.880095243454,,,"{""build"":[""euclidean"",256,{""M"":32,""efConstruction"":100}],""query"":[1600]}",2.12109375,index_size_raw_kb,14.059678792953491,545.8204164505005,0.5967130661010742,1.0743878722190854,1.3761840176582347,,43.97370883184518,10000.0,10000.0,1.0,[1600],0.999966,1.0,main_hdf5_20260813,,,"highest completion status, then repair priority",complete,1.0,,5,True
artificial-corr-12-original,elasticsearch-hnsw,,"[""euclidean"",256,{""M"":32,""efConstruction"":400}]",699.4883887767792,,,"{""build"":[""euclidean"",256,{""M"":32,""efConstruction"":400}],""query"":[1600]}",,missing_or_nonpositive,14.054503917694092,685.4338848590851,0.594436764717102,1.0872845053672788,1.3848614525794987,,44.2009597921467,10000.0,10000.0,1.0,[1600],0.9999969999999999,1.0,main_hdf5_20260813,,,unique,complete,1.0,,5,False
artificial-corr-12-original,elasticsearch-hnsw,,"[""euclidean"",256,{""M"":64,""efConstruction"":100}]",564.155844449997,,,"{""build"":[""euclidean"",256,{""M"":64,""efConstruction"":100}],""query"":[1600]}",0.3515625,index_size_raw_kb,14.05528450012207,550.1005599498749,0.5672447681427002,1.044757723808288,1.3732994604110722,,44.02675143909432,10000.0,10000.0,1.0,[1600],0.9999650000000001,1.0,main_hdf5_20260813,,,unique,complete,1.0,,5,False
artificial-corr-12-original,elasticsearch-hnsw,,"[""euclidean"",256,{""M"":64,""efConstruction"":400}]",704.4288063049316,,,"{""build"":[""euclidean"",256,{""M"":64,""efConstruction"":400}],""query"":[1600]}",,missing_or_nonpositive,14.05829405784607,690.3705122470856,0.5498620271682739,1.0724037051200859,1.4060198831558228,,45.424653624621506,10000.0,10000.0,1.0,[1600],0.9999969999999999,1.0,main_hdf5_20260813,,,unique,complete,1.0,,5,False
artificial-corr-12-original,faiss-hnsw,,"[""euclidean"",256,{""M"":128,""efConstruction"":400}]",154.96894216537476,adaptive_postfilter_proxy,43772.4697,"{""build"":[""euclidean"",256,{""M"":128,""efConstruction"":400}],""query"":[1600]}",1950.6830959320068,index_file_bytes,147.93357801437378,7.035364151000977,2.891438364982605,33.23466711044311,42.84742824077606,89.7253,3.650958025372703,10000.0,10000.0,1.0,[1600],0.740711,1.0,main_hdf5_20260813,,,"highest completion status, then repair priority",complete,1.0,487.84980044647386,5,False
artificial-corr-12-original,faiss-hnsw,,"[""euclidean"",256,{""M"":32,""efConstruction"":100}]",47.735048055648804,adaptive_postfilter_proxy,44599.1049,"{""build"":[""euclidean"",256,{""M"":32,""efConstruction"":100}],""query"":[1600]}",1224.9589862823486,index_file_bytes,38.692644357681274,9.04240369796753,2.9843926429748535,29.750274157524103,35.428333148956305,82.3544,3.4557816890988597,10000.0,10000.0,1.0,[1600],0.6537890000000001,1.0,main_hdf5_20260813,,,"highest completion status, then repair priority",complete,1.0,541.5509663114539,5,True
artificial-corr-12-original,faiss-hnsw,,"[""euclidean"",256,{""M"":32,""efConstruction"":400}]",124.54615902900696,adaptive_postfilter_proxy,45039.3056,"{""build"":[""euclidean"",256,{""M"":32,""efConstruction"":400}],""query"":[1600]}",1224.9589862823486,index_file_bytes,117.51109552383423,7.0350635051727295,2.809083938598633,35.5302134156227,44.074603536129,86.7141,3.308416221124421,10000.0,10000.0,1.0,[1600],0.711557,1.0,main_hdf5_20260813,,,"highest completion status, then repair priority",complete,1.0,519.4000237562287,5,False
artificial-corr-12-original,faiss-hnsw,,"[""euclidean"",256,{""M"":64,""efConstruction"":100}]",73.18725657463074,adaptive_postfilter_proxy,51042.7136,"{""build"":[""euclidean"",256,{""M"":64,""efConstruction"":100}],""query"":[1600]}",1466.8393459320068,index_file_bytes,64.14212846755981,9.045128107070923,2.9629945755004883,38.14863255023956,47.423116002082836,87.6645,3.158127432441972,10000.0,10000.0,1.0,[1600],0.741765,1.0,main_hdf5_20260813,,,"highest completion status, then repair priority",complete,1.0,582.2506670316947,5,True
artificial-corr-12-original,faiss-hnsw,,"[""euclidean"",256,{""M"":64,""efConstruction"":400}]",147.7656445503235,adaptive_postfilter_proxy,44588.7902,"{""build"":[""euclidean"",256,{""M"":64,""efConstruction"":400}],""query"":[1600]}",1466.8393459320068,index_file_bytes,136.71520709991455,11.050437450408936,2.853468418121338,31.968446397781367,40.460269343853014,88.9941,3.753760960512107,10000.0,10000.0,1.0,[1600],0.736945,1.0,main_hdf5_20260813,,,"highest completion status, then repair priority",complete,1.0,501.03085710176293,5,False
artificial-corr-12-original,hnswlib-hnsw,,"[""euclidean"",256,{""M"":128,""efConstruction"":400}]",165.94027519226074,adaptive_postfilter_proxy,34276.6934,"{""build"":[""euclidean"",256,{""M"":128,""efConstruction"":400}],""query"":[1600]}",1954.5131721496582,index_file_bytes,158.90257263183594,7.037702560424805,2.735451579093933,25.964153432846064,34.06368494749073,100.0,4.290724209778878,10000.0,10000.0,1.0,[1600],0.996835,1.0,main_hdf5_20260813,,,"highest completion status, then repair priority",complete,1.0,342.766934,5,False
artificial-corr-12-original,hnswlib-hnsw,,"[""euclidean"",256,{""M"":32,""efConstruction"":100}]",45.956775426864624,adaptive_postfilter_proxy,34632.8184,"{""build"":[""euclidean"",256,{""M"":32,""efConstruction"":100}],""query"":[1600]}",1228.9231910705566,index_file_bytes,36.912477254867554,9.04429817199707,1.8417624235153198,15.56067363023757,24.5471017241478,100.0,4.646664361661199,10000.0,10000.0,1.0,[1600],0.9804,1.0,main_hdf5_20260813,,,"highest completion status, then repair priority",complete,1.0,346.32818399999996,5,True
artificial-corr-12-original,hnswlib-hnsw,,"[""euclidean"",256,{""M"":32,""efConstruction"":400}]",117.60066628456116,adaptive_postfilter_proxy,34313.3272,"{""build"":[""euclidean"",256,{""M"":32,""efConstruction"":400}],""query"":[1600]}",1228.9238204956055,index_file_bytes,110.56500124931335,7.035665035247803,2.8021414279937744,22.428626537322994,28.75769409179688,100.0,4.62181154482651,10000.0,10000.0,1.0,[1600],0.9954870000000001,1.0,main_hdf5_20260813,,,"highest completion status, then repair priority",complete,1.0,343.133272,5,True
artificial-corr-12-original,hnswlib-hnsw,,"[""euclidean"",256,{""M"":64,""efConstruction"":100}]",48.678218126297,adaptive_postfilter_proxy,34583.1152,"{""build"":[""euclidean"",256,{""M"":64,""efConstruction"":100}],""query"":[1600]}",1470.7403144836426,index_file_bytes,39.63565230369568,9.042565822601318,1.9712841510772705,16.438141691684724,25.73908685684205,100.0,4.6601155811732164,10000.0,10000.0,1.0,[1600],0.981801,1.0,main_hdf5_20260813,,,"highest completion status, then repair priority",complete,1.0,345.831152,5,True
artificial-corr-12-original,hnswlib-hnsw,,"[""euclidean"",256,{""M"":64,""efConstruction"":400}]",142.05759191513062,adaptive_postfilter_proxy,34279.0744,"{""build"":[""euclidean"",256,{""M"":64,""efConstruction"":400}],""query"":[1600]}",1470.738826751709,index_file_bytes,133.01508712768555,9.042504787445068,2.50021231174469,21.147889935970305,28.3018489265442,100.0,4.619372981414159,10000.0,10000.0,1.0,[1600],0.996718,1.0,main_hdf5_20260813,,,"highest completion status, then repair priority",complete,1.0,342.79074399999996,5,True
artificial-corr-12-original,irangegraph,<remote_artifact>,"{""M"":128,""efConstruction"":400}",2873.59,,,"{""build"":{""M"":128,""efConstruction"":400},""query"":{""efSearch"":1600}}",2908.5651473999023,native_serialized_bytes,2873.59,,0.006647,0.00828,0.00873801,,152.718,10000.0,10000.0,1.0,"{""efSearch"":1600}",0.999822,1.0,main_20260813,completion marker already exists,,unique,complete,1.0,,5,False
artificial-corr-12-original,irangegraph,<remote_artifact>,"{""M"":32,""efConstruction"":100}",609.318,,,"{""build"":{""M"":32,""efConstruction"":100},""query"":{""efSearch"":1600}}",1409.076431274414,native_serialized_bytes,609.318,,0.004387,0.005201,0.005426,,230.053,10000.0,10000.0,1.0,"{""efSearch"":1600}",0.998718,1.0,main_20260813,completion marker already exists,,unique,complete,1.0,,5,True
artificial-corr-12-original,irangegraph,<remote_artifact>,"{""M"":32,""efConstruction"":400}",2077.21,,,"{""build"":{""M"":32,""efConstruction"":400},""query"":{""efSearch"":1600}}",1495.473159790039,native_serialized_bytes,2077.21,,0.0049335,0.005882,0.00617303,,204.097,10000.0,10000.0,1.0,"{""efSearch"":1600}",0.999486,1.0,main_20260813,completion marker already exists,,unique,complete,1.0,,5,False
artificial-corr-12-original,irangegraph,<remote_artifact>,"{""M"":64,""efConstruction"":100}",774.037,,,"{""build"":{""M"":64,""efConstruction"":100},""query"":{""efSearch"":1600}}",1914.8371086120605,native_serialized_bytes,774.037,,0.0061915,0.0076941,0.008627,,161.964,10000.0,10000.0,1.0,"{""efSearch"":1600}",0.999201,1.0,main_20260813,completion marker already exists,,unique,complete,1.0,,5,False
artificial-corr-12-original,irangegraph,<remote_artifact>,"{""M"":64,""efConstruction"":400}",2610.55,,,"{""build"":{""M"":64,""efConstruction"":400},""query"":{""efSearch"":1600}}",2129.2767028808594,native_serialized_bytes,2610.55,,0.005809,0.00716805,0.00753002,,174.636,10000.0,10000.0,1.0,"{""efSearch"":1600}",0.999812,1.0,main_20260813,completion marker already exists,,unique,complete,1.0,,5,True
artificial-corr-12-original,milvus-gpu-cagra,,"[""euclidean"",256,{""build_algo"":""IVF_PQ"",""graph_degree"":128,""intermediate_graph_degree"":256}]",390.2023649215698,,,"{""build"":[""euclidean"",256,{""build_algo"":""IVF_PQ"",""graph_degree"":128,""intermediate_graph_degree"":256}],""query"":[512,2,0,0,0]}",,missing_or_nonpositive,302.4365200996399,87.76584482192993,0.004015326499938965,0.004834210872650146,0.00612164735794068,,209.03560267007595,10000.0,10000.0,1.0,"[512,2,0,0,0]",0.512698,1.0,main_hdf5_20260813,,,"highest completion status, then repair priority",complete,1.0,,5,False
artificial-corr-12-original,milvus-gpu-cagra,,"[""euclidean"",256,{""build_algo"":""IVF_PQ"",""graph_degree"":32,""intermediate_graph_degree"":64}]",183.14714241027832,,,"{""build"":[""euclidean"",256,{""build_algo"":""IVF_PQ"",""graph_degree"":32,""intermediate_graph_degree"":64}],""query"":[512,2,0,0,0]}",211.953125,index_size_raw_kb,97.4073543548584,85.73978805541992,0.004034280776977539,0.1316568374633789,0.13591176509857178,,70.01965873409083,10000.0,10000.0,1.0,"[512,2,0,0,0]",0.667651,1.0,main_hdf5_20260813,,,"highest completion status, then repair priority",complete,1.0,,5,False
artificial-corr-12-original,milvus-gpu-cagra,,"[""euclidean"",256,{""build_algo"":""IVF_PQ"",""graph_degree"":64,""intermediate_graph_degree"":128}]",341.06338477134705,,,"{""build"":[""euclidean"",256,{""build_algo"":""IVF_PQ"",""graph_degree"":64,""intermediate_graph_degree"":128}],""query"":[512,2,0,0,0]}",126.2265625,index_size_raw_kb,254.84174418449402,86.22164058685303,0.00384366512298584,0.004750502109527588,0.005763134956359865,,220.05026652815215,10000.0,10000.0,1.0,"[512,2,0,0,0]",0.5053719999999999,1.0,main_hdf5_20260813,,,"highest completion status, then repair priority",complete,1.0,,5,False
artificial-corr-12-original,milvus-gpu-cagra,,"[""euclidean"",256,{""build_algo"":""NN_DESCENT"",""graph_degree"":128,""intermediate_graph_degree"":256}]",353.6666040420532,,,"{""build"":[""euclidean"",256,{""build_algo"":""NN_DESCENT"",""graph_degree"":128,""intermediate_graph_degree"":256}],""query"":[512,4,0,0,0]}",187.57421875,index_size_raw_kb,272.11168813705444,81.55491590499878,0.004809737205505371,0.005700409412384032,0.011007473468780542,,154.96631580255732,10000.0,10000.0,1.0,"[512,4,0,0,0]",0.518351,1.0,main_hdf5_20260813,,,"highest completion status, then repair priority",complete,1.0,,5,False
artificial-corr-12-original,milvus-gpu-cagra,,"[""euclidean"",256,{""build_algo"":""NN_DESCENT"",""graph_degree"":32,""intermediate_graph_degree"":64}]",177.21929788589478,,,"{""build"":[""euclidean"",256,{""build_algo"":""NN_DESCENT"",""graph_degree"":32,""intermediate_graph_degree"":64}],""query"":[512,2,0,0,0]}",739.47265625,index_size_raw_kb,90.27951550483704,86.93978238105774,0.0038775205612182617,0.004566943645477294,0.006155817508697538,,190.03322693489423,10000.0,10000.0,1.0,"[512,2,0,0,0]",0.666924,1.0,main_hdf5_20260813,,,"highest completion status, then repair priority",complete,1.0,,5,True
artificial-corr-12-original,milvus-gpu-cagra,,"[""euclidean"",256,{""build_algo"":""NN_DESCENT"",""graph_degree"":64,""intermediate_graph_degree"":128}]",286.99402618408203,,,"{""build"":[""euclidean"",256,{""build_algo"":""NN_DESCENT"",""graph_degree"":64,""intermediate_graph_degree"":128}],""query"":[512,2,0,0,0]}",1343.4609375,index_size_raw_kb,201.59922647476196,85.39479970932007,0.0038613080978393555,0.004784345626831055,0.005502777099609377,,218.33651374803247,10000.0,10000.0,1.0,"[512,2,0,0,0]",0.4860870000000001,1.0,main_hdf5_20260813,,,"highest completion status, then repair priority",complete,1.0,,5,False
artificial-corr-12-original,milvus-gpu-ivfpq,,"[""euclidean"",256,{""m"":16,""nbits"":8,""nlist"":1024}]",105.3144063949585,,,"{""build"":[""euclidean"",256,{""m"":16,""nbits"":8,""nlist"":1024}],""query"":[1024]}",483.34765625,index_size_raw_kb,22.47568941116333,82.83871698379517,0.004425048828125,0.005420494079589843,0.006025855541229249,,182.77138327493728,10000.0,10000.0,1.0,[1024],0.403433,1.0,main_hdf5_20260813,,,"highest completion status, then repair priority",complete,1.0,,4,True
artificial-corr-12-original,milvus-gpu-ivfpq,,"[""euclidean"",256,{""m"":16,""nbits"":8,""nlist"":128}]",105.24239563941956,,,"{""build"":[""euclidean"",256,{""m"":16,""nbits"":8,""nlist"":128}],""query"":[128]}",130.20703125,index_size_raw_kb,21.974222898483276,83.26817274093628,0.0041239261627197266,0.005093622207641601,0.005642442703247071,,195.04925692985353,10000.0,10000.0,1.0,[128],0.39264800000000005,1.0,main_hdf5_20260813,,,"highest completion status, then repair priority",complete,1.0,,4,False
artificial-corr-12-original,milvus-gpu-ivfpq,,"[""euclidean"",256,{""m"":16,""nbits"":8,""nlist"":512}]",98.05023717880249,,,"{""build"":[""euclidean"",256,{""m"":16,""nbits"":8,""nlist"":512}],""query"":[512]}",379.13671875,index_size_raw_kb,18.656945943832397,79.39329123497009,0.004190683364868164,0.005112886428833008,0.005695357322692871,,192.82746737814745,10000.0,10000.0,1.0,[512],0.39520500000000003,1.0,main_hdf5_20260813,,,"highest completion status, then repair priority",complete,1.0,,4,True
artificial-corr-12-original,milvus-gpu-ivfpq,,"[""euclidean"",256,{""m"":4,""nbits"":8,""nlist"":1024}]",97.71718406677246,,,"{""build"":[""euclidean"",256,{""m"":4,""nbits"":8,""nlist"":1024}],""query"":[1024]}",351.37890625,index_size_raw_kb,17.855811595916748,79.86137247085571,0.004351615905761719,0.005308628082275391,0.005869910717010499,,186.23227312197358,10000.0,10000.0,1.0,[1024],0.24989,1.0,main_hdf5_20260813,,,"highest completion status, then repair priority",complete,1.0,,4,False
artificial-corr-12-original,milvus-gpu-ivfpq,,"[""euclidean"",256,{""m"":4,""nbits"":8,""nlist"":128}]",105.13081479072571,,,"{""build"":[""euclidean"",256,{""m"":4,""nbits"":8,""nlist"":128}],""query"":[128]}",290.609375,index_size_raw_kb,21.669121980667114,83.4616928100586,0.004003405570983887,0.004958927631378173,0.005522274971008301,,200.53899811929713,10000.0,10000.0,1.0,[128],0.22911099999999995,1.0,main_hdf5_20260813,,,"highest completion status, then repair priority",complete,1.0,,4,False
artificial-corr-12-original,milvus-gpu-ivfpq,,"[""euclidean"",256,{""m"":4,""nbits"":8,""nlist"":512}]",100.87258744239807,,,"{""build"":[""euclidean"",256,{""m"":4,""nbits"":8,""nlist"":512}],""query"":[512]}",218.31640625,index_size_raw_kb,19.768110752105713,81.10447669029236,0.004203319549560547,0.005187046527862549,0.0057685661315917975,,191.1637067164248,10000.0,10000.0,1.0,[512],0.245126,1.0,main_hdf5_20260813,,,"highest completion status, then repair priority",complete,1.0,,4,False
artificial-corr-12-original,milvus-gpu-ivfpq,,"[""euclidean"",256,{""m"":8,""nbits"":8,""nlist"":1024}]",95.0780701637268,,,"{""build"":[""euclidean"",256,{""m"":8,""nbits"":8,""nlist"":1024}],""query"":[1024]}",365.25390625,index_size_raw_kb,17.948145627975464,77.12992453575134,0.004257678985595703,0.0051882386207580565,0.0057459139823913576,,190.07257283474436,10000.0,10000.0,1.0,[1024],0.309462,1.0,main_hdf5_20260813,,,"highest completion status, then repair priority",complete,1.0,,4,True
artificial-corr-12-original,milvus-gpu-ivfpq,,"[""euclidean"",256,{""m"":8,""nbits"":8,""nlist"":128}]",97.39450216293335,,,"{""build"":[""euclidean"",256,{""m"":8,""nbits"":8,""nlist"":128}],""query"":[128]}",390.12890625,index_size_raw_kb,17.753735542297363,79.64076662063599,0.004057526588439941,0.004960560798645019,0.005567431449890139,,198.33929111615237,10000.0,10000.0,1.0,[128],0.287839,1.0,main_hdf5_20260813,,,"highest completion status, then repair priority",complete,1.0,,4,False
artificial-corr-12-original,milvus-gpu-ivfpq,,"[""euclidean"",256,{""m"":8,""nbits"":8,""nlist"":512}]",105.66839694976807,,,"{""build"":[""euclidean"",256,{""m"":8,""nbits"":8,""nlist"":512}],""query"":[512]}",293.4140625,index_size_raw_kb,22.27646541595459,83.39193153381348,0.004233956336975098,0.00521087646484375,0.00576070785522461,,190.0590241664507,10000.0,10000.0,1.0,[512],0.300817,1.0,main_hdf5_20260813,,,"highest completion status, then repair priority",complete,1.0,,4,False
artificial-corr-12-original,milvus-hnsw,,"[""euclidean"",256,{""M"":128,""efConstruction"":400}]",194.80971217155457,,,"{""build"":[""euclidean"",256,{""M"":128,""efConstruction"":400}],""query"":[1600]}",2785.01171875,index_size_raw_kb,114.08798933029175,80.72172284126282,0.037491798400878906,0.08917363882064817,0.10328109979629517,,21.995298399603527,10000.0,10000.0,1.0,[1600],0.9994740000000002,1.0,main_hdf5_20260813,,,"highest completion status, then repair priority",complete,1.0,,5,True
artificial-corr-12-original,milvus-hnsw,,"[""euclidean"",256,{""M"":32,""efConstruction"":100}]",184.57564544677734,,,"{""build"":[""euclidean"",256,{""M"":32,""efConstruction"":100}],""query"":[1600]}",1756.2734375,index_size_raw_kb,103.87855386734009,80.69709157943726,0.03150498867034912,0.07998752593994138,0.09350776672363285,,25.336777410095845,10000.0,10000.0,1.0,[1600],0.995585,1.0,main_hdf5_20260813,,,"highest completion status, then repair priority",complete,1.0,,5,False
artificial-corr-12-original,milvus-hnsw,,"[""euclidean"",256,{""M"":32,""efConstruction"":400}]",229.9411792755127,,,"{""build"":[""euclidean"",256,{""M"":32,""efConstruction"":400}],""query"":[1600]}",1730.71875,index_size_raw_kb,151.77073693275452,78.17044234275818,0.034313321113586426,0.08375703096389771,0.0979062581062317,,23.673094285855942,10000.0,10000.0,1.0,[1600],0.999353,1.0,main_hdf5_20260813,,,"highest completion status, then repair priority",complete,1.0,,5,False
artificial-corr-12-original,milvus-hnsw,,"[""euclidean"",256,{""M"":64,""efConstruction"":100}]",133.54601573944092,,,"{""build"":[""euclidean"",256,{""M"":64,""efConstruction"":100}],""query"":[1600]}",1412.40234375,index_size_raw_kb,50.89233064651489,82.65368509292603,0.032213687896728516,0.08173513412475583,0.0965576195716858,,24.86889502346565,10000.0,10000.0,1.0,[1600],0.9959350000000002,1.0,main_hdf5_20260813,,,"highest completion status, then repair priority",complete,1.0,,5,True
artificial-corr-12-original,milvus-hnsw,,"[""euclidean"",256,{""M"":64,""efConstruction"":400}]",256.0227117538452,,,"{""build"":[""euclidean"",256,{""M"":64,""efConstruction"":400}],""query"":[1600]}",2488.3203125,index_size_raw_kb,178.90846347808838,77.11424827575684,0.03665173053741455,0.08581986427307126,0.09982950687408451,,22.628497025278104,10000.0,10000.0,1.0,[1600],0.999499,1.0,main_hdf5_20260813,,,"highest completion status, then repair priority",complete,1.0,,5,False
artificial-corr-12-original,milvus-ivfpq,,"[""euclidean"",256,{""m"":16,""nbits"":8,""nlist"":1024}]",114.94757652282715,,,"{""build"":[""euclidean"",256,{""m"":16,""nbits"":8,""nlist"":1024}],""query"":[256]}",522.05859375,index_size_raw_kb,35.81083297729492,79.13674354553223,0.004516124725341797,0.005397653579711913,0.0060649704933166525,,182.15806902365242,10000.0,10000.0,1.0,[256],0.402221,1.0,main_hdf5_20260813,,,"highest completion status, then repair priority",complete,1.0,,4,True
artificial-corr-12-original,milvus-ivfpq,,"[""euclidean"",256,{""m"":16,""nbits"":8,""nlist"":128}]",99.65592217445374,,,"{""build"":[""euclidean"",256,{""m"":16,""nbits"":8,""nlist"":128}],""query"":[128]}",381.13671875,index_size_raw_kb,21.662778854370117,77.99314332008362,0.013385295867919922,0.017693030834197994,0.019065868854522706,,67.15354640258039,10000.0,10000.0,1.0,[128],0.382349,1.0,main_hdf5_20260813,,,"highest completion status, then repair priority",complete,1.0,,4,True
artificial-corr-12-original,milvus-ivfpq,,"[""euclidean"",256,{""m"":16,""nbits"":8,""nlist"":512}]",106.76231694221497,,,"{""build"":[""euclidean"",256,{""m"":16,""nbits"":8,""nlist"":512}],""query"":[512]}",462.62890625,index_size_raw_kb,27.310001134872437,79.45231580734253,0.013857007026672363,0.017973005771636963,0.019392993450164795,,65.11790517514629,10000.0,10000.0,1.0,[512],0.390113,1.0,main_hdf5_20260813,,,"highest completion status, then repair priority",complete,1.0,,4,True
artificial-corr-12-original,milvus-ivfpq,,"[""euclidean"",256,{""m"":4,""nbits"":8,""nlist"":1024}]",107.46211981773376,,,"{""build"":[""euclidean"",256,{""m"":4,""nbits"":8,""nlist"":1024}],""query"":[256]}",420.828125,index_size_raw_kb,26.58909845352173,80.87302136421204,0.003825664520263672,0.005517601966857908,0.00784421443939209,,202.71543337732933,10000.0,10000.0,1.0,[256],0.254134,1.0,main_hdf5_20260813,,,"highest completion status, then repair priority",complete,1.0,,4,False
artificial-corr-12-original,milvus-ivfpq,,"[""euclidean"",256,{""m"":4,""nbits"":8,""nlist"":128}]",94.13067770004272,,,"{""build"":[""euclidean"",256,{""m"":4,""nbits"":8,""nlist"":128}],""query"":[128]}",374.1875,index_size_raw_kb,14.340113401412964,79.79056429862976,0.010723710060119629,0.014421939849853516,0.016428718566894533,,81.96360173332795,10000.0,10000.0,1.0,[128],0.22385300000000002,1.0,main_hdf5_20260813,,,"highest completion status, then repair priority",complete,1.0,,4,True
artificial-corr-12-original,milvus-ivfpq,,"[""euclidean"",256,{""m"":4,""nbits"":8,""nlist"":512}]",99.77081489562988,,,"{""build"":[""euclidean"",256,{""m"":4,""nbits"":8,""nlist"":512}],""query"":[512]}",319.48828125,index_size_raw_kb,19.940470218658447,79.83034467697144,0.01104283332824707,0.014658081531524658,0.01683403491973877,,79.72518455431738,10000.0,10000.0,1.0,[512],0.23948899999999998,1.0,main_hdf5_20260813,,,"highest completion status, then repair priority",complete,1.0,,4,False
artificial-corr-12-original,milvus-ivfpq,,"[""euclidean"",256,{""m"":8,""nbits"":8,""nlist"":1024}]",108.87481927871704,,,"{""build"":[""euclidean"",256,{""m"":8,""nbits"":8,""nlist"":1024}],""query"":[1024]}",387.41015625,index_size_raw_kb,28.823402881622314,80.05141639709473,0.01298069953918457,0.017091536521911622,0.01854686737060547,,68.80401132675226,10000.0,10000.0,1.0,[1024],0.30835500000000005,1.0,main_hdf5_20260813,,,"highest completion status, then repair priority",complete,1.0,,4,False
artificial-corr-12-original,milvus-ivfpq,,"[""euclidean"",256,{""m"":8,""nbits"":8,""nlist"":128}]",96.99805784225464,,,"{""build"":[""euclidean"",256,{""m"":8,""nbits"":8,""nlist"":128}],""query"":[128]}",394.015625,index_size_raw_kb,16.86391854286194,80.1341392993927,0.011236429214477539,0.015075397491455072,0.017106809616088868,,78.20143917961656,10000.0,10000.0,1.0,[128],0.286032,1.0,main_hdf5_20260813,,,"highest completion status, then repair priority",complete,1.0,,4,True
artificial-corr-12-original,milvus-ivfpq,,"[""euclidean"",256,{""m"":8,""nbits"":8,""nlist"":512}]",101.3976366519928,,,"{""build"":[""euclidean"",256,{""m"":8,""nbits"":8,""nlist"":512}],""query"":[128]}",397.3359375,index_size_raw_kb,21.87218713760376,79.52544951438904,0.003686666488647461,0.004519939422607422,0.005238568782806397,,214.28245110940017,10000.0,10000.0,1.0,[128],0.296944,1.0,main_hdf5_20260813,,,"highest completion status, then repair priority",complete,1.0,,4,False
artificial-corr-12-original,pgvector-hnsw,,"[""euclidean"",{""M"":100,""efConstruction"":100}]",35043.75660800934,,,"{""build"":[""euclidean"",{""M"":100,""efConstruction"":100}],""query"":[1000]}",,missing_or_nonpositive,0.00045680999755859375,35043.75615119934,5.734552383422852,6.459100222587585,6.792136340141297,,4.87966492856514,10000.0,10000.0,1.0,[1000],0.763242,1.0,main_hdf5_20260813,,127.0,unique,failed,1.0,,5,True
artificial-corr-12-original,pgvector-hnsw,,"[""euclidean"",{""M"":100,""efConstruction"":400}]",50405.13404250145,,,"{""build"":[""euclidean"",{""M"":100,""efConstruction"":400}],""query"":[1000]}",,missing_or_nonpositive,0.00030922889709472656,50405.13373327255,5.009842276573181,5.5761533856391905,5.825372474193573,,5.576386515052072,10000.0,10000.0,1.0,[1000],0.768256,1.0,main_hdf5_20260813,,127.0,unique,failed,1.0,,5,True
artificial-corr-12-original,pgvector-hnsw,,"[""euclidean"",{""M"":32,""efConstruction"":100}]",5382.0568470954895,,,"{""build"":[""euclidean"",{""M"":32,""efConstruction"":100}],""query"":[800]}",,missing_or_nonpositive,0.0002989768981933594,5382.056548118591,3.0373752117156982,3.406527841091156,3.5580300092697144,,9.19602422851275,10000.0,10000.0,1.0,[800],0.685066,1.0,main_hdf5_20260813,,127.0,unique,failed,1.0,,5,True
artificial-corr-12-original,pgvector-hnsw,,"[""euclidean"",{""M"":32,""efConstruction"":400}]",11978.323528051376,,,"{""build"":[""euclidean"",{""M"":32,""efConstruction"":400}],""query"":[1000]}",,missing_or_nonpositive,0.0002956390380859375,11978.323232412338,2.899110436439514,3.2072794079780578,3.351059701442719,,9.626942235223948,10000.0,10000.0,1.0,[1000],0.699109,1.0,main_hdf5_20260813,,127.0,unique,failed,1.0,,5,True
artificial-corr-12-original,pgvector-hnsw,,"[""euclidean"",{""M"":64,""efConstruction"":100}]",13212.81263756752,,,"{""build"":[""euclidean"",{""M"":64,""efConstruction"":100}],""query"":[1000]}",,missing_or_nonpositive,0.00018930435180664062,13212.812448263168,3.7084938287734985,4.124115371704101,4.291663691997528,,7.522085150251256,10000.0,10000.0,1.0,[1000],0.724577,1.0,main_hdf5_20260813,,127.0,unique,failed,1.0,,5,True
artificial-corr-12-original,pgvector-hnsw,,"[""euclidean"",{""M"":64,""efConstruction"":400}]",35009.529467344284,,,"{""build"":[""euclidean"",{""M"":64,""efConstruction"":400}],""query"":[1000]}",,missing_or_nonpositive,0.0006670951843261719,35009.5288002491,3.785773515701294,4.231584513187408,4.383183515071869,,7.371551421408112,10000.0,10000.0,1.0,[1000],0.7358469999999999,1.0,main_hdf5_20260813,,127.0,unique,failed,1.0,,5,True
artificial-corr-12-original,qdrant,,"[""euclidean"",{""M"":128,""efConstruction"":400}]",362.4745817184448,,,"{""build"":[""euclidean"",{""M"":128,""efConstruction"":400}],""query"":[1600,true]}",1201.78515625,index_size_raw_kb,8.035815715789795,354.43876600265503,0.2053380012512207,0.20987588167190552,0.2197124481201173,,4.816575080388057,10000.0,10000.0,1.0,"[1600,true]",0.9999959999999999,1.0,failed_fix_20260903,,0.0,unique,complete,1.0,,5,False
artificial-corr-12-original,qdrant,,"[""euclidean"",{""M"":32,""efConstruction"":100}]",362.9059431552887,,,"{""build"":[""euclidean"",{""M"":32,""efConstruction"":100}],""query"":[800,true]}",1209.7890625,index_size_raw_kb,8.040132284164429,354.86581087112427,0.20399510860443115,0.2678487300872803,0.2856917476654053,,4.677286515360527,10000.0,10000.0,1.0,"[800,true]",0.9999959999999999,1.0,failed_fix_20260903,,0.0,"highest completion status, then repair priority",complete,1.0,,5,False
artificial-corr-12-original,qdrant,,"[""euclidean"",{""M"":32,""efConstruction"":400}]",364.03809666633606,,,"{""build"":[""euclidean"",{""M"":32,""efConstruction"":400}],""query"":[400,true]}",1408.11328125,index_size_raw_kb,14.060831785202026,349.97726488113403,0.2034151554107666,0.2712756752967834,0.2853847932815552,,4.691143502302616,10000.0,10000.0,1.0,"[400,true]",0.9999959999999999,1.0,failed_fix_20260903,,0.0,unique,complete,1.0,,5,False
artificial-corr-12-original,qdrant,,"[""euclidean"",{""M"":64,""efConstruction"":100}]",362.5155520439148,,,"{""build"":[""euclidean"",{""M"":64,""efConstruction"":100}],""query"":[1600,true]}",1281.875,index_size_raw_kb,8.036538124084473,354.4790139198303,0.20405149459838867,0.2749459385871887,0.28595370054244995,,4.636953425364022,10000.0,10000.0,1.0,"[1600,true]",0.9999959999999999,1.0,failed_fix_20260903,,0.0,"highest completion status, then repair priority",complete,1.0,,5,False
artificial-corr-12-original,qdrant,,"[""euclidean"",{""M"":64,""efConstruction"":400}]",358.12041544914246,,,"{""build"":[""euclidean"",{""M"":64,""efConstruction"":400}],""query"":[800,true]}",1200.89453125,index_size_raw_kb,6.0262627601623535,352.0941526889801,0.20370221138000488,0.20833619832992553,0.21284415721893313,,4.861631497344506,10000.0,10000.0,1.0,"[800,true]",0.9999950000000001,1.0,failed_fix_20260903,,0.0,unique,complete,1.0,,5,True
artificial-corr-12-original,rangepq,<remote_artifact>,"{""L_eval"":60000,""L_values"":[10000,20000,40000,60000,80000],""cz"":4096,""iters"":200,""l"":1,""m"":4,""nbits"":8,""nlist"":200,""primary_dim"":0,""ratio"":15.0,""rerank_ratio"":20,""topk"":100}",113.305042,rangepq_L_used,60000.0,"{""build"":{""L_eval"":60000,""L_values"":[10000,20000,40000,60000,80000],""cz"":4096,""iters"":200,""l"":1,""m"":4,""nbits"":8,""nlist"":200,""primary_dim"":0,""ratio"":15.0,""rerank_ratio"":20,""topk"":100},""query"":{""L"":60000}}",986.9252624511719,native_serialized_bytes,83.776925,29.519971,0.018920421600341797,0.01972390413284302,0.02079967260360718,,52.82560155305785,10000.0,10000.0,1.0,"{""L"":60000}",0.980402999999949,1.0,main_20260813,completion marker already exists,,unique,complete,1.0,,1,True
artificial-corr-12-original,redis-hnsw,,"[""euclidean"",256,{""ef_construction"":100,""ef_runtime"":100,""m"":32}]",734.0793044567108,,,"{""build"":[""euclidean"",256,{""ef_construction"":100,""ef_runtime"":100,""m"":32}],""query"":[]}",,missing_or_nonpositive,16.065083503723145,718.0142209529877,0.2665623426437378,0.5027304410934448,0.5030749201774597,,3.077843835045313,10000.0,10000.0,1.0,[],0.839791,1.0,main_hdf5_20260813,,,unique,complete,1.0,,1,False
artificial-corr-12-original,redis-hnsw,,"[""euclidean"",256,{""ef_construction"":100,""ef_runtime"":100,""m"":64}]",785.9556088447571,,,"{""build"":[""euclidean"",256,{""ef_construction"":100,""ef_runtime"":100,""m"":64}],""query"":[]}",1.2890625,index_size_raw_kb,16.06084966659546,769.8947591781616,0.2769564390182495,0.5026092648506164,0.5029537916183472,,3.1454443345680496,10000.0,10000.0,1.0,[],0.909792,1.0,main_hdf5_20260813,,,"highest completion status, then repair priority",complete,1.0,,1,False
artificial-corr-12-original,redis-hnsw,,"[""euclidean"",256,{""ef_construction"":100,""ef_runtime"":1600,""m"":32}]",517.0768480300903,,,"{""build"":[""euclidean"",256,{""ef_construction"":100,""ef_runtime"":1600,""m"":32}],""query"":[]}",,missing_or_nonpositive,16.066102266311646,501.0107457637787,0.2535881996154785,0.2622709274291992,0.27059973001480103,,3.917708991220747,10000.0,10000.0,1.0,[],0.9999969999999999,1.0,main_hdf5_20260813,,,unique,complete,1.0,,1,True
artificial-corr-12-original,redis-hnsw,,"[""euclidean"",256,{""ef_construction"":100,""ef_runtime"":1600,""m"":64}]",821.4261710643768,,,"{""build"":[""euclidean"",256,{""ef_construction"":100,""ef_runtime"":1600,""m"":64}],""query"":[]}",3.08984375,index_size_raw_kb,16.06258225440979,805.363588809967,0.27593696117401123,0.502734899520874,0.5030637168884278,,3.019436263628819,10000.0,10000.0,1.0,[],0.8316869999999998,1.0,main_hdf5_20260813,,,"highest completion status, then repair priority",complete,1.0,,1,False
artificial-corr-12-original,redis-hnsw,,"[""euclidean"",256,{""ef_construction"":100,""ef_runtime"":200,""m"":32}]",805.7385849952698,,,"{""build"":[""euclidean"",256,{""ef_construction"":100,""ef_runtime"":200,""m"":32}],""query"":[]}",0.921875,index_size_raw_kb,16.07008147239685,789.6685035228729,0.2753293514251709,0.502760910987854,0.5031018710136413,,3.0281513264053697,10000.0,10000.0,1.0,[],0.82988,1.0,main_hdf5_20260813,,,unique,complete,1.0,,1,False
artificial-corr-12-original,redis-hnsw,,"[""euclidean"",256,{""ef_construction"":100,""ef_runtime"":200,""m"":64}]",570.2102642059326,,,"{""build"":[""euclidean"",256,{""ef_construction"":100,""ef_runtime"":200,""m"":64}],""query"":[]}",0.76953125,index_size_raw_kb,14.059462070465088,556.1508021354675,0.2530926465988159,0.27663612365722656,0.30240898370742797,,3.8972686063834225,10000.0,10000.0,1.0,[],0.9999969999999999,1.0,main_hdf5_20260813,,,unique,complete,1.0,,1,False
artificial-corr-12-original,redis-hnsw,,"[""euclidean"",256,{""ef_construction"":100,""ef_runtime"":400,""m"":32}]",532.0796389579773,,,"{""build"":[""euclidean"",256,{""ef_construction"":100,""ef_runtime"":400,""m"":32}],""query"":[]}",0.51953125,index_size_raw_kb,16.067176580429077,516.0124623775482,0.255334734916687,0.26503869295120236,0.29551474809646616,,3.877778469118961,10000.0,10000.0,1.0,[],0.9999969999999999,1.0,main_hdf5_20260813,,,unique,complete,1.0,,1,False
artificial-corr-12-original,redis-hnsw,,"[""euclidean"",256,{""ef_construction"":100,""ef_runtime"":400,""m"":64}]",673.1147553920746,,,"{""build"":[""euclidean"",256,{""ef_construction"":100,""ef_runtime"":400,""m"":64}],""query"":[]}",2.0703125,index_size_raw_kb,16.064141273498535,657.050614118576,0.27367687225341797,0.5026669502258301,0.5029268312454224,,3.0046568263041173,10000.0,10000.0,1.0,[],0.8283870000000001,1.0,main_hdf5_20260813,,,unique,complete,1.0,,1,False
artificial-corr-12-original,redis-hnsw,,"[""euclidean"",256,{""ef_construction"":100,""ef_runtime"":800,""m"":32}]",755.3946528434753,,,"{""build"":[""euclidean"",256,{""ef_construction"":100,""ef_runtime"":800,""m"":32}],""query"":[]}",,missing_or_nonpositive,16.071826696395874,739.3228261470795,0.2748587131500244,0.5027794957160949,0.5031137657165528,,3.0711294242619656,10000.0,10000.0,1.0,[],0.850193,1.0,main_hdf5_20260813,,,"highest completion status, then repair priority",complete,1.0,,1,False
artificial-corr-12-original,redis-hnsw,,"[""euclidean"",256,{""ef_construction"":100,""ef_runtime"":800,""m"":64}]",549.982084274292,,,"{""build"":[""euclidean"",256,{""ef_construction"":100,""ef_runtime"":800,""m"":64}],""query"":[]}",1.07421875,index_size_raw_kb,16.065324068069458,533.9167602062225,0.25432729721069336,0.2633278608322144,0.26914477825164795,,3.909790296717585,10000.0,10000.0,1.0,[],0.9999969999999999,1.0,main_hdf5_20260813,,,unique,complete,1.0,,1,False
artificial-corr-12-original,redis-hnsw,,"[""euclidean"",256,{""ef_construction"":400,""ef_runtime"":100,""m"":128}]",2926.361453294754,,,"{""build"":[""euclidean"",256,{""ef_construction"":400,""ef_runtime"":100,""m"":128}],""query"":[]}",,missing_or_nonpositive,16.06732487678528,2910.2941284179688,0.2656288146972656,0.5026063919067383,0.5028856062889099,,3.0635816118841994,10000.0,10000.0,1.0,[],0.865291,1.0,main_hdf5_20260813,,,"highest completion status, then repair priority",complete,1.0,,1,False
artificial-corr-12-original,redis-hnsw,,"[""euclidean"",256,{""ef_construction"":400,""ef_runtime"":100,""m"":32}]",2396.213520526886,,,"{""build"":[""euclidean"",256,{""ef_construction"":400,""ef_runtime"":100,""m"":32}],""query"":[]}",,missing_or_nonpositive,16.06385564804077,2380.149664878845,0.2704620361328125,0.5027215480804443,0.5030527281761169,,3.098898612662663,10000.0,10000.0,1.0,[],0.851885,1.0,main_hdf5_20260813,,,unique,complete,1.0,,1,False
artificial-corr-12-original,redis-hnsw,,"[""euclidean"",256,{""ef_construction"":400,""ef_runtime"":100,""m"":64}]",1996.8172245025635,,,"{""build"":[""euclidean"",256,{""ef_construction"":400,""ef_runtime"":100,""m"":64}],""query"":[]}",1.421875,index_size_raw_kb,16.064651489257812,1980.7525730133057,0.2527118921279907,0.25927298069000243,0.2653917455673218,,3.934122477845045,10000.0,10000.0,1.0,[],0.9999969999999999,1.0,main_hdf5_20260813,,,unique,complete,1.0,,1,False
artificial-corr-12-original,redis-hnsw,,"[""euclidean"",256,{""ef_construction"":400,""ef_runtime"":1600,""m"":128}]",3014.7676050662994,,,"{""build"":[""euclidean"",256,{""ef_construction"":400,""ef_runtime"":1600,""m"":128}],""query"":[]}",1.4375,index_size_raw_kb,16.06108570098877,2998.7065193653107,0.27848851680755615,0.5027408599853516,0.5029778575897217,,2.9793465580049574,10000.0,10000.0,1.0,[],0.799091,1.0,main_hdf5_20260813,,,unique,complete,1.0,,1,False
artificial-corr-12-original,redis-hnsw,,"[""euclidean"",256,{""ef_construction"":400,""ef_runtime"":1600,""m"":32}]",1897.5328602790833,,,"{""build"":[""euclidean"",256,{""ef_construction"":400,""ef_runtime"":1600,""m"":32}],""query"":[]}",0.2890625,index_size_raw_kb,10.038439989089966,1887.4944202899933,0.2557417154312134,0.2731494426727295,0.5025482225418091,,3.823539397143927,10000.0,10000.0,1.0,[],0.9889969999999999,1.0,main_hdf5_20260813,,,"highest completion status, then repair priority",complete,1.0,,1,False
artificial-corr-12-original,redis-hnsw,,"[""euclidean"",256,{""ef_construction"":400,""ef_runtime"":1600,""m"":64}]",2175.6272134780884,,,"{""build"":[""euclidean"",256,{""ef_construction"":400,""ef_runtime"":1600,""m"":64}],""query"":[]}",1.72265625,index_size_raw_kb,16.06312131881714,2159.5640921592712,0.26921677589416504,0.2773826241493225,0.3066944169998169,,3.68977504493283,10000.0,10000.0,1.0,[],0.9999969999999999,1.0,main_hdf5_20260813,,,unique,complete,1.0,,1,False
artificial-corr-12-original,redis-hnsw,,"[""euclidean"",256,{""ef_construction"":400,""ef_runtime"":200,""m"":128}]",2227.119945526123,,,"{""build"":[""euclidean"",256,{""ef_construction"":400,""ef_runtime"":200,""m"":128}],""query"":[]}",3.41796875,index_size_raw_kb,10.042741060256958,2217.077204465866,0.251430869102478,0.26810789108276367,0.4417814922332764,,3.8836351363992074,10000.0,10000.0,1.0,[],0.997297,1.0,main_hdf5_20260813,,,"highest completion status, then repair priority",complete,1.0,,1,False
artificial-corr-12-original,redis-hnsw,,"[""euclidean"",256,{""ef_construction"":400,""ef_runtime"":200,""m"":32}]",2423.3633058071136,,,"{""build"":[""euclidean"",256,{""ef_construction"":400,""ef_runtime"":200,""m"":32}],""query"":[]}",1.515625,index_size_raw_kb,16.068784952163696,2407.29452085495,0.2744605541229248,0.5026397705078125,0.5029451870918273,,3.1055571504707706,10000.0,10000.0,1.0,[],0.89459,1.0,main_hdf5_20260813,,,unique,complete,1.0,,1,False
artificial-corr-12-original,redis-hnsw,,"[""euclidean"",256,{""ef_construction"":400,""ef_runtime"":200,""m"":64}]",2819.1336307525635,,,"{""build"":[""euclidean"",256,{""ef_construction"":400,""ef_runtime"":200,""m"":64}],""query"":[]}",1.04296875,index_size_raw_kb,16.068357944488525,2803.065272808075,0.27831244468688965,0.5025687456130982,0.5028989410400391,,3.122507683677394,10000.0,10000.0,1.0,[],0.9091899999999999,1.0,main_hdf5_20260813,,,unique,complete,1.0,,1,False
artificial-corr-12-original,redis-hnsw,,"[""euclidean"",256,{""ef_construction"":400,""ef_runtime"":400,""m"":128}]",3024.678517818451,,,"{""build"":[""euclidean"",256,{""ef_construction"":400,""ef_runtime"":400,""m"":128}],""query"":[]}",,missing_or_nonpositive,16.06345510482788,3008.615062713623,0.27730226516723633,0.5026159405708313,0.502936372756958,,3.0610726256376046,10000.0,10000.0,1.0,[],0.8949860000000001,1.0,main_hdf5_20260813,,,unique,complete,1.0,,1,False
artificial-corr-12-original,redis-hnsw,,"[""euclidean"",256,{""ef_construction"":400,""ef_runtime"":400,""m"":32}]",2349.4678213596344,,,"{""build"":[""euclidean"",256,{""ef_construction"":400,""ef_runtime"":400,""m"":32}],""query"":[]}",4.828125,index_size_raw_kb,16.073986768722534,2333.393834590912,0.2653477191925049,0.5027113437652588,0.5030248236656188,,3.132251108722375,10000.0,10000.0,1.0,[],0.849389,1.0,main_hdf5_20260813,,,unique,complete,1.0,,1,False
artificial-corr-12-original,redis-hnsw,,"[""euclidean"",256,{""ef_construction"":400,""ef_runtime"":400,""m"":64}]",1995.0229980945587,,,"{""build"":[""euclidean"",256,{""ef_construction"":400,""ef_runtime"":400,""m"":64}],""query"":[]}",20.953125,index_size_raw_kb,16.06583261489868,1978.95716547966,0.25625550746917725,0.29215389490127563,0.30787678480148317,,3.8357638758370065,10000.0,10000.0,1.0,[],0.9999969999999999,1.0,main_hdf5_20260813,,,unique,complete,1.0,,1,False
artificial-corr-12-original,redis-hnsw,,"[""euclidean"",256,{""ef_construction"":400,""ef_runtime"":800,""m"":128}]",2891.3557608127594,,,"{""build"":[""euclidean"",256,{""ef_construction"":400,""ef_runtime"":800,""m"":128}],""query"":[]}",0.37890625,index_size_raw_kb,16.068716287612915,2875.2870445251465,0.2725728750228882,0.5026888966560363,0.5029897713661193,,3.088555147143817,10000.0,10000.0,1.0,[],0.858791,1.0,main_hdf5_20260813,,,unique,complete,1.0,,1,False
artificial-corr-12-original,redis-hnsw,,"[""euclidean"",256,{""ef_construction"":400,""ef_runtime"":800,""m"":32}]",2498.995293855667,,,"{""build"":[""euclidean"",256,{""ef_construction"":400,""ef_runtime"":800,""m"":32}],""query"":[]}",,missing_or_nonpositive,16.06891107559204,2482.926382780075,0.27848386764526367,0.5026180863380432,0.5029092383384705,,3.08628396218498,10000.0,10000.0,1.0,[],0.884595,1.0,main_hdf5_20260813,,,"highest completion status, then repair priority",complete,1.0,,1,False
artificial-corr-12-original,redis-hnsw,,"[""euclidean"",256,{""ef_construction"":400,""ef_runtime"":800,""m"":64}]",2038.3675022125244,,,"{""build"":[""euclidean"",256,{""ef_construction"":400,""ef_runtime"":800,""m"":64}],""query"":[]}",0.03515625,index_size_raw_kb,14.059371709823608,2024.3081305027008,0.2588108777999878,0.44043905735015865,0.502762815952301,,3.6353284466457154,10000.0,10000.0,1.0,[],0.9715959999999999,1.0,main_hdf5_20260813,,,"highest completion status, then repair priority",complete,1.0,,1,False
artificial-corr-12-original,vearch-hnsw,,"[""euclidean"",256,{""efConstruction"":100,""nlinks"":32}]",462.0501551628113,,,"{""build"":[""euclidean"",256,{""efConstruction"":100,""nlinks"":32}],""query"":[1600]}",1293.859375,index_size_raw_kb,15.063340425491333,446.98681473731995,0.08903145790100098,0.1604290723800659,0.16576211214065553,,9.522266748776381,10000.0,10000.0,1.0,[1600],0.561339,1.0,failed_fix_20260903,,0.0,"highest completion status, then repair priority",complete,1.0,,5,True
artificial-corr-12-original,vearch-hnsw,,"[""euclidean"",256,{""efConstruction"":100,""nlinks"":64}]",595.1571779251099,,,"{""build"":[""euclidean"",256,{""efConstruction"":100,""nlinks"":64}],""query"":[1600]}",,missing_or_nonpositive,9.041521787643433,586.1156561374664,0.09028136730194092,0.16174285411834716,0.16762138843536378,,9.329366781128716,10000.0,10000.0,1.0,[1600],0.59209,1.0,failed_fix_20260903,,0.0,"highest completion status, then repair priority",complete,1.0,,5,False
artificial-corr-12-original,vearch-hnsw,,"[""euclidean"",256,{""efConstruction"":400,""nlinks"":128}]",621.2826843261719,,,"{""build"":[""euclidean"",256,{""efConstruction"":400,""nlinks"":128}],""query"":[1600]}",1.7734375,index_size_raw_kb,9.0399329662323,612.2427513599396,0.09645044803619385,0.17450594902038571,0.18330100774765018,,8.705173976381422,10000.0,10000.0,1.0,[1600],0.6969259999999999,1.0,failed_fix_20260903,,0.0,"highest completion status, then repair priority",complete,1.0,,5,True
artificial-corr-12-original,vearch-hnsw,,"[""euclidean"",256,{""efConstruction"":400,""nlinks"":32}]",581.166915178299,,,"{""build"":[""euclidean"",256,{""efConstruction"":400,""nlinks"":32}],""query"":[1600]}",,missing_or_nonpositive,7.032328844070435,574.1345863342285,0.0909724235534668,0.16428626775741575,0.17088968515396122,,9.382740930383857,10000.0,10000.0,1.0,[1600],0.6240669999999999,1.0,failed_fix_20260903,,0.0,unique,complete,1.0,,5,False
artificial-corr-12-original,vearch-hnsw,,"[""euclidean"",256,{""efConstruction"":400,""nlinks"":64}]",565.6878821849823,,,"{""build"":[""euclidean"",256,{""efConstruction"":400,""nlinks"":64}],""query"":[1600]}",1.2265625,index_size_raw_kb,9.039735078811646,556.6481471061707,0.09619307518005371,0.17224591970443726,0.18034411668777467,,8.611603921123427,10000.0,10000.0,1.0,[1600],0.678803,1.0,failed_fix_20260903,,0.0,unique,complete,1.0,,5,True
artificial-corr-12-original,vearch-ivfpq,,"[""euclidean"",256,{""ncentroids"":1024,""nsubvector"":16}]",422.35971546173096,,,"{""build"":[""euclidean"",256,{""ncentroids"":1024,""nsubvector"":16}],""query"":[1024]}",,missing_or_nonpositive,7.031531095504761,415.3281843662262,0.07875585556030273,0.0816367506980896,0.08294655561447144,,12.393485605350234,10000.0,10000.0,1.0,[1024],0.400808,1.0,failed_fix_20260903,,0.0,unique,complete,1.0,,4,True
artificial-corr-12-original,vearch-ivfpq,,"[""euclidean"",256,{""ncentroids"":1024,""nsubvector"":4}]",430.214763879776,,,"{""build"":[""euclidean"",256,{""ncentroids"":1024,""nsubvector"":4}],""query"":[1024]}",,missing_or_nonpositive,7.031046152114868,423.18371772766113,0.07814228534698486,0.08087220191955566,0.08215774536132812,,12.485367637997104,10000.0,10000.0,1.0,[1024],0.253137,1.0,failed_fix_20260903,,0.0,"highest completion status, then repair priority",complete,1.0,,4,False
artificial-corr-12-original,vearch-ivfpq,,"[""euclidean"",256,{""ncentroids"":1024,""nsubvector"":8}]",580.7064590454102,,,"{""build"":[""euclidean"",256,{""ncentroids"":1024,""nsubvector"":8}],""query"":[1024]}",0.25,index_size_raw_kb,9.0365469455719,571.6699120998383,0.08231568336486816,0.14136033058166503,0.14264233350753786,,10.106000757824942,10000.0,10000.0,1.0,[1024],0.30896399999999996,1.0,failed_fix_20260903,,0.0,unique,complete,1.0,,4,False
artificial-corr-12-original,vearch-ivfpq,,"[""euclidean"",256,{""ncentroids"":128,""nsubvector"":16}]",428.5870273113251,,,"{""build"":[""euclidean"",256,{""ncentroids"":128,""nsubvector"":16}],""query"":[128]}",1.19140625,index_size_raw_kb,7.0296630859375,421.5573642253876,0.07874846458435059,0.08170111179351806,0.08299619674682618,,12.409821031054296,10000.0,10000.0,1.0,[128],0.374464,1.0,failed_fix_20260903,,0.0,"highest completion status, then repair priority",complete,1.0,,4,False
artificial-corr-12-original,vearch-ivfpq,,"[""euclidean"",256,{""ncentroids"":128,""nsubvector"":4}]",528.0075840950012,,,"{""build"":[""euclidean"",256,{""ncentroids"":128,""nsubvector"":4}],""query"":[128]}",,missing_or_nonpositive,5.024309396743774,522.9832746982574,0.07845830917358398,0.08130102157592774,0.08250636100769043,,12.44169056653382,10000.0,10000.0,1.0,[128],0.218277,1.0,failed_fix_20260903,,0.0,"highest completion status, then repair priority",complete,1.0,,4,False
artificial-corr-12-original,vearch-ivfpq,,"[""euclidean"",256,{""ncentroids"":128,""nsubvector"":8}]",544.0156741142273,,,"{""build"":[""euclidean"",256,{""ncentroids"":128,""nsubvector"":8}],""query"":[128]}",0.4921875,index_size_raw_kb,9.041248798370361,534.9744253158569,0.08431148529052734,0.14141297340393066,0.14273981332778932,,9.853442864862243,10000.0,10000.0,1.0,[128],0.27916499999999994,1.0,failed_fix_20260903,,0.0,unique,complete,1.0,,4,False
artificial-corr-12-original,vearch-ivfpq,,"[""euclidean"",256,{""ncentroids"":512,""nsubvector"":16}]",592.766613483429,,,"{""build"":[""euclidean"",256,{""ncentroids"":512,""nsubvector"":16}],""query"":[512]}",0.3671875,index_size_raw_kb,9.04206371307373,583.7245497703552,0.08332622051239014,0.1406987190246582,0.14219577074050904,,9.857870582095341,10000.0,10000.0,1.0,[512],0.397017,1.0,failed_fix_20260903,,0.0,unique,complete,1.0,,4,False
artificial-corr-12-original,vearch-ivfpq,,"[""euclidean"",256,{""ncentroids"":512,""nsubvector"":4}]",430.10102701187134,,,"{""build"":[""euclidean"",256,{""ncentroids"":512,""nsubvector"":4}],""query"":[512]}",,missing_or_nonpositive,7.032632112503052,423.0683948993683,0.07794559001922607,0.08075225353240967,0.08207396984100342,,12.527167945262756,10000.0,10000.0,1.0,[512],0.244542,1.0,failed_fix_20260903,,0.0,unique,complete,1.0,,4,False
artificial-corr-12-original,vearch-ivfpq,,"[""euclidean"",256,{""ncentroids"":512,""nsubvector"":8}]",426.4765908718109,,,"{""build"":[""euclidean"",256,{""ncentroids"":512,""nsubvector"":8}],""query"":[512]}",,missing_or_nonpositive,7.033222913742065,419.44336795806885,0.07798480987548828,0.08077887296676636,0.08204341888427734,,12.521913183906701,10000.0,10000.0,1.0,[512],0.302055,1.0,failed_fix_20260903,,0.0,unique,complete,1.0,,4,False
artificial-corr-12-original,weaviate-hnsw,,"[""euclidean"",{""M"":128,""efConstruction"":400}]",315.9401421546936,,,"{""build"":[""euclidean"",{""M"":128,""efConstruction"":400}],""query"":[1600]}",42.734375,index_size_raw_kb,12.04867172241211,303.8914704322815,0.9239504337310791,1.2571537137031554,1.3477511048316957,,1.034183697726522,10000.0,10000.0,1.0,[1600],0.999976,1.0,main_hdf5_20260813,,127.0,unique,failed,1.0,,5,False
artificial-corr-12-original,weaviate-hnsw,,"[""euclidean"",{""M"":32,""efConstruction"":100}]",162.0203139781952,,,"{""build"":[""euclidean"",{""M"":32,""efConstruction"":100}],""query"":[1600]}",1.15625,index_size_raw_kb,10.04366159439087,151.97665238380432,0.8902244567871094,1.1970456123352047,1.2832251429557802,,1.068997575779073,10000.0,10000.0,1.0,[1600],0.9991770000000001,1.0,main_hdf5_20260813,,127.0,unique,failed,1.0,,5,True
artificial-corr-12-original,weaviate-hnsw,,"[""euclidean"",{""M"":32,""efConstruction"":400}]",285.647926568985,,,"{""build"":[""euclidean"",{""M"":32,""efConstruction"":400}],""query"":[1600]}",,missing_or_nonpositive,10.042943716049194,275.6049828529358,0.9107098579406738,1.2506547570228577,1.3408220601081848,,1.0422362260662377,10000.0,10000.0,1.0,[1600],0.999967,1.0,main_hdf5_20260813,,127.0,unique,failed,1.0,,5,False
artificial-corr-12-original,weaviate-hnsw,,"[""euclidean"",{""M"":64,""efConstruction"":100}]",176.5958285331726,,,"{""build"":[""euclidean"",{""M"":64,""efConstruction"":100}],""query"":[1600]}",,missing_or_nonpositive,16.06521463394165,160.53061389923096,0.909259557723999,1.2497570395469664,1.350586886405945,,1.042927750780381,10000.0,10000.0,1.0,[1600],0.9992979999999999,1.0,main_hdf5_20260813,,127.0,unique,failed,1.0,,5,False
artificial-corr-12-original,weaviate-hnsw,,"[""euclidean"",{""M"":64,""efConstruction"":400}]",327.33543729782104,,,"{""build"":[""euclidean"",{""M"":64,""efConstruction"":400}],""query"":[1600]}",71.1015625,index_size_raw_kb,12.042816162109375,315.29262113571167,0.931395411491394,1.2884061574935912,1.38719384431839,,1.0187233627642407,10000.0,10000.0,1.0,[1600],0.9999779999999999,1.0,main_hdf5_20260813,,127.0,unique,failed,1.0,,5,False
