"server","campaign","dataset","condition","algorithm","parameter_group","record_count","build_time_s","build_time_min_s","build_time_max_s","data_load_s","insert_time_s","index_time_s","index_size","data_size","status","source","source_path","notes"
"153","single_thread_range","reviewer-tight","tight","FAISS-hnsw","filter=tight;M=128;efC=400","1","1766.1646258831024","1766.1646258831024","1766.1646258831024","0.6481292247772217","","1766.1646258831024","2679720946","","build_time_and_search_new_153","153:<remote_artifact>","<remote_artifact>","new HDF5; one query worker; index_build_s retained"
"153","single_thread_range","reviewer-tight","tight","FAISS-hnsw","filter=tight;M=128;efC=400","1","2486.164981365204","2486.164981365204","2486.164981365204","1.1409616470336914","","2486.164981365204","2679720946","","build_time_and_search_new_153","153:<remote_artifact>","<remote_artifact>","new HDF5; one query worker; index_build_s retained"
"153","single_thread_range","reviewer-tight","tight","FAISS-hnsw","filter=tight;M=32;efC=100","1","668.5460040569305","668.5460040569305","668.5460040569305","1.1774630546569824","","668.5460040569305","1923207678","","build_time_and_search_new_153","153:<remote_artifact>","<remote_artifact>","new HDF5; one query worker; index_build_s retained"
"153","single_thread_range","reviewer-tight","tight","FAISS-hnsw","filter=tight;M=32;efC=400","1","2255.4987132549286","2255.4987132549286","2255.4987132549286","1.1350107192993164","","2255.4987132549286","1923207678","","build_time_and_search_new_153","153:<remote_artifact>","<remote_artifact>","new HDF5; one query worker; index_build_s retained"
"153","single_thread_range","reviewer-tight","tight","FAISS-hnsw","filter=tight;M=64;efC=100","1","1397.430915594101","1397.430915594101","1397.430915594101","1.158923864364624","","1397.430915594101","2175348978","","build_time_and_search_new_153","153:<remote_artifact>","<remote_artifact>","new HDF5; one query worker; index_build_s retained"
"153","single_thread_range","reviewer-tight","tight","FAISS-hnsw","filter=tight;M=64;efC=400","1","2384.8804829120636","2384.8804829120636","2384.8804829120636","1.1969637870788574","","2384.8804829120636","2175348978","","build_time_and_search_new_153","153:<remote_artifact>","<remote_artifact>","new HDF5; one query worker; index_build_s retained"
"153","single_thread_range","reviewer-wide","wide","FAISS-hnsw","filter=wide;M=128;efC=400","1","1735.7459962368011","1735.7459962368011","1735.7459962368011","0.6428391933441162","","1735.7459962368011","2679720946","","build_time_and_search_new_153","153:<remote_artifact>","<remote_artifact>","new HDF5; one query worker; index_build_s retained"
"153","single_thread_range","reviewer-wide","wide","FAISS-hnsw","filter=wide;M=32;efC=100","1","416.73808693885803","416.73808693885803","416.73808693885803","0.6656389236450195","","416.73808693885803","1923207678","","build_time_and_search_new_153","153:<remote_artifact>","<remote_artifact>","new HDF5; one query worker; index_build_s retained"
"153","single_thread_range","reviewer-wide","wide","FAISS-hnsw","filter=wide;M=128;efC=400","1","2512.923093318939","2512.923093318939","2512.923093318939","1.182694673538208","","2512.923093318939","2679720946","","build_time_and_search_new_153","153:<remote_artifact>","<remote_artifact>","new HDF5; one query worker; index_build_s retained"
"153","single_thread_range","reviewer-wide","wide","FAISS-hnsw","filter=wide;M=32;efC=100","1","664.5545170307159","664.5545170307159","664.5545170307159","1.1498560905456543","","664.5545170307159","1923207678","","build_time_and_search_new_153","153:<remote_artifact>","<remote_artifact>","new HDF5; one query worker; index_build_s retained"
"153","single_thread_range","reviewer-wide","wide","FAISS-hnsw","filter=wide;M=32;efC=400","1","2245.3551156520844","2245.3551156520844","2245.3551156520844","1.1355037689208984","","2245.3551156520844","1923207678","","build_time_and_search_new_153","153:<remote_artifact>","<remote_artifact>","new HDF5; one query worker; index_build_s retained"
"153","single_thread_range","reviewer-wide","wide","FAISS-hnsw","filter=wide;M=64;efC=100","1","1424.3525111675262","1424.3525111675262","1424.3525111675262","1.1279404163360596","","1424.3525111675262","2175348978","","build_time_and_search_new_153","153:<remote_artifact>","<remote_artifact>","new HDF5; one query worker; index_build_s retained"
"153","single_thread_range","reviewer-wide","wide","FAISS-hnsw","filter=wide;M=64;efC=400","1","2391.788008451462","2391.788008451462","2391.788008451462","1.1180124282836914","","2391.788008451462","2175348978","","build_time_and_search_new_153","153:<remote_artifact>","<remote_artifact>","new HDF5; one query worker; index_build_s retained"
"153","single_thread_range","reviewer-tight","tight","HNSWlib","filter=tight;M=128;efC=100","1","970.2478003501892","970.2478003501892","970.2478003501892","9.526884317398071","","970.2478003501892","2683715196","","build_time_and_search_new_153","153:<remote_artifact>","<remote_artifact>","new HDF5; one query worker; index_build_s retained"
"153","single_thread_range","reviewer-tight","tight","HNSWlib","filter=tight;M=128;efC=400","1","2727.41002368927","2727.41002368927","2727.41002368927","9.535823345184326","","2727.41002368927","2683715196","","build_time_and_search_new_153","153:<remote_artifact>","<remote_artifact>","new HDF5; one query worker; index_build_s retained"
"153","single_thread_range","reviewer-tight","tight","HNSWlib","filter=tight;M=32;efC=400","1","2449.345899105072","2449.345899105072","2449.345899105072","9.458410501480103","","2449.345899105072","1927340460","","build_time_and_search_new_153","153:<remote_artifact>","<remote_artifact>","new HDF5; one query worker; index_build_s retained"
"153","single_thread_range","reviewer-tight","tight","HNSWlib","filter=tight;M=64;efC=100","1","757.0093472003937","757.0093472003937","757.0093472003937","9.532105445861816","","757.0093472003937","2179415036","","build_time_and_search_new_153","153:<remote_artifact>","<remote_artifact>","new HDF5; one query worker; index_build_s retained"
"153","single_thread_range","reviewer-tight","tight","HNSWlib","filter=tight;M=64;efC=400","1","2671.619335412979","2671.619335412979","2671.619335412979","9.550843715667725","","2671.619335412979","2179415036","","build_time_and_search_new_153","153:<remote_artifact>","<remote_artifact>","new HDF5; one query worker; index_build_s retained"
"153","single_thread_range","reviewer-tight","tight","weaviate-hnsw","filter=tight;M=12;efC=200","1","2.007169723510742","2.007169723510742","2.007169723510742","1990.5616688728333","","2.007169723510742","","","build_time_and_search_new_153","153:<remote_artifact>","<remote_artifact>","new HDF5; one query worker; index_build_s retained"
"153","single_thread_range","reviewer-tight","tight","weaviate-hnsw","filter=tight;M=12;efC=500","1","2.006517171859741","2.006517171859741","2.006517171859741","3269.6130113601685","","2.006517171859741","","","build_time_and_search_new_153","153:<remote_artifact>","<remote_artifact>","new HDF5; one query worker; index_build_s retained"
"153","single_thread_range","reviewer-tight","tight","weaviate-hnsw","filter=tight;M=16;efC=200","1","2.0076637268066406","2.0076637268066406","2.0076637268066406","1767.5493867397308","","2.0076637268066406","","","build_time_and_search_new_153","153:<remote_artifact>","<remote_artifact>","new HDF5; one query worker; index_build_s retained"
"153","single_thread_range","reviewer-tight","tight","weaviate-hnsw","filter=tight;M=16;efC=500","1","2.0059525966644287","2.0059525966644287","2.0059525966644287","3338.722385406494","","2.0059525966644287","","","build_time_and_search_new_153","153:<remote_artifact>","<remote_artifact>","new HDF5; one query worker; index_build_s retained"
"153","single_thread_range","reviewer-tight","tight","weaviate-hnsw","filter=tight;M=24;efC=200","1","2.0053722858428955","2.0053722858428955","2.0053722858428955","2297.159113407135","","2.0053722858428955","","","build_time_and_search_new_153","153:<remote_artifact>","<remote_artifact>","new HDF5; one query worker; index_build_s retained"
"153","single_thread_range","reviewer-tight","tight","weaviate-hnsw","filter=tight;M=24;efC=500","1","2.006222724914551","2.006222724914551","2.006222724914551","4734.270642280579","","2.006222724914551","","","build_time_and_search_new_153","153:<remote_artifact>","<remote_artifact>","new HDF5; one query worker; index_build_s retained"
"153","single_thread_range","reviewer-tight","tight","weaviate-hnsw","filter=tight;M=36;efC=200","1","2.005855083465576","2.005855083465576","2.005855083465576","2100.7176797389984","","2.005855083465576","","","build_time_and_search_new_153","153:<remote_artifact>","<remote_artifact>","new HDF5; one query worker; index_build_s retained"
"153","single_thread_range","reviewer-tight","tight","weaviate-hnsw","filter=tight;M=36;efC=500","1","2.0075674057006836","2.0075674057006836","2.0075674057006836","5156.547092437744","","2.0075674057006836","","","build_time_and_search_new_153","153:<remote_artifact>","<remote_artifact>","new HDF5; one query worker; index_build_s retained"
"153","single_thread_range","reviewer-tight","tight","weaviate-hnsw","filter=tight;M=48;efC=200","1","2.0071828365325928","2.0071828365325928","2.0071828365325928","2045.2987432479858","","2.0071828365325928","","","build_time_and_search_new_153","153:<remote_artifact>","<remote_artifact>","new HDF5; one query worker; index_build_s retained"
"153","single_thread_range","reviewer-tight","tight","weaviate-hnsw","filter=tight;M=48;efC=500","1","2.0060596466064453","2.0060596466064453","2.0060596466064453","5226.006630182266","","2.0060596466064453","","","build_time_and_search_new_153","153:<remote_artifact>","<remote_artifact>","new HDF5; one query worker; index_build_s retained"
"153","single_thread_range","reviewer-tight","tight","weaviate-hnsw","filter=tight;M=4;efC=200","1","2.006129264831543","2.006129264831543","2.006129264831543","1092.5208547115326","","2.006129264831543","","","build_time_and_search_new_153","153:<remote_artifact>","<remote_artifact>","new HDF5; one query worker; index_build_s retained"
"153","single_thread_range","reviewer-tight","tight","weaviate-hnsw","filter=tight;M=4;efC=500","1","2.0061116218566895","2.0061116218566895","2.0061116218566895","2339.6428496837616","","2.0061116218566895","","","build_time_and_search_new_153","153:<remote_artifact>","<remote_artifact>","new HDF5; one query worker; index_build_s retained"
"153","single_thread_range","reviewer-tight","tight","weaviate-hnsw","filter=tight;M=64;efC=200","1","8.026596069335938","8.026596069335938","8.026596069335938","2100.886241197586","","8.026596069335938","","","build_time_and_search_new_153","153:<remote_artifact>","<remote_artifact>","new HDF5; one query worker; index_build_s retained"
"153","single_thread_range","reviewer-tight","tight","weaviate-hnsw","filter=tight;M=64;efC=500","1","2.007204294204712","2.007204294204712","2.007204294204712","5200.57722735405","","2.007204294204712","","","build_time_and_search_new_153","153:<remote_artifact>","<remote_artifact>","new HDF5; one query worker; index_build_s retained"
"153","single_thread_range","reviewer-tight","tight","weaviate-hnsw","filter=tight;M=8;efC=200","1","2.006972074508667","2.006972074508667","2.006972074508667","1713.0356719493866","","2.006972074508667","","","build_time_and_search_new_153","153:<remote_artifact>","<remote_artifact>","new HDF5; one query worker; index_build_s retained"
"153","single_thread_range","reviewer-tight","tight","weaviate-hnsw","filter=tight;M=8;efC=500","1","2.0071232318878174","2.0071232318878174","2.0071232318878174","3060.1166179180145","","2.0071232318878174","","","build_time_and_search_new_153","153:<remote_artifact>","<remote_artifact>","new HDF5; one query worker; index_build_s retained"
"153","single_thread_range","reviewer-tight","tight","weaviate-hnsw","filter=tight;M=96;efC=200","1","8.028186082839966","8.028186082839966","8.028186082839966","2202.7762837409973","","8.028186082839966","","","build_time_and_search_new_153","153:<remote_artifact>","<remote_artifact>","new HDF5; one query worker; index_build_s retained"
"153","single_thread_range","reviewer-tight","tight","weaviate-hnsw","filter=tight;M=96;efC=500","1","2.0059614181518555","2.0059614181518555","2.0059614181518555","5339.359976530075","","2.0059614181518555","","","build_time_and_search_new_153","153:<remote_artifact>","<remote_artifact>","new HDF5; one query worker; index_build_s retained"
"153","single_thread_range","reviewer-wide","wide","weaviate-hnsw","filter=wide;M=12;efC=200","1","22.074742794036865","22.074742794036865","22.074742794036865","1759.9703512191772","","22.074742794036865","","","build_time_and_search_new_153","153:<remote_artifact>","<remote_artifact>","new HDF5; one query worker; index_build_s retained"
"153","single_thread_range","reviewer-wide","wide","weaviate-hnsw","filter=wide;M=12;efC=500","1","2.0077922344207764","2.0077922344207764","2.0077922344207764","3633.570330619812","","2.0077922344207764","","","build_time_and_search_new_153","153:<remote_artifact>","<remote_artifact>","new HDF5; one query worker; index_build_s retained"
"153","single_thread_range","reviewer-wide","wide","weaviate-hnsw","filter=wide;M=16;efC=200","1","22.078949689865112","22.078949689865112","22.078949689865112","1910.8335242271423","","22.078949689865112","","","build_time_and_search_new_153","153:<remote_artifact>","<remote_artifact>","new HDF5; one query worker; index_build_s retained"
"153","single_thread_range","reviewer-wide","wide","weaviate-hnsw","filter=wide;M=16;efC=500","1","2.009765148162842","2.009765148162842","2.009765148162842","3575.6761150360107","","2.009765148162842","","","build_time_and_search_new_153","153:<remote_artifact>","<remote_artifact>","new HDF5; one query worker; index_build_s retained"
"153","single_thread_range","reviewer-wide","wide","weaviate-hnsw","filter=wide;M=24;efC=200","1","2.007357597351074","2.007357597351074","2.007357597351074","1943.6058449745178","","2.007357597351074","","","build_time_and_search_new_153","153:<remote_artifact>","<remote_artifact>","new HDF5; one query worker; index_build_s retained"
"153","single_thread_range","reviewer-wide","wide","weaviate-hnsw","filter=wide;M=24;efC=500","1","22.076250076293945","22.076250076293945","22.076250076293945","4206.495368719101","","22.076250076293945","","","build_time_and_search_new_153","153:<remote_artifact>","<remote_artifact>","new HDF5; one query worker; index_build_s retained"
"153","single_thread_range","reviewer-wide","wide","weaviate-hnsw","filter=wide;M=36;efC=200","1","2.007139205932617","2.007139205932617","2.007139205932617","2043.9282643795013","","2.007139205932617","","","build_time_and_search_new_153","153:<remote_artifact>","<remote_artifact>","new HDF5; one query worker; index_build_s retained"
"153","single_thread_range","reviewer-wide","wide","weaviate-hnsw","filter=wide;M=36;efC=500","1","8.03147554397583","8.03147554397583","8.03147554397583","5507.307441949844","","8.03147554397583","","","build_time_and_search_new_153","153:<remote_artifact>","<remote_artifact>","new HDF5; one query worker; index_build_s retained"
"153","single_thread_range","reviewer-wide","wide","weaviate-hnsw","filter=wide;M=48;efC=200","1","22.082714080810547","22.082714080810547","22.082714080810547","2198.7767906188965","","22.082714080810547","","","build_time_and_search_new_153","153:<remote_artifact>","<remote_artifact>","new HDF5; one query worker; index_build_s retained"
"153","single_thread_range","reviewer-wide","wide","weaviate-hnsw","filter=wide;M=48;efC=500","1","2.0072855949401855","2.0072855949401855","2.0072855949401855","4963.687221765518","","2.0072855949401855","","","build_time_and_search_new_153","153:<remote_artifact>","<remote_artifact>","new HDF5; one query worker; index_build_s retained"
"153","single_thread_range","reviewer-wide","wide","weaviate-hnsw","filter=wide;M=4;efC=200","1","22.077000856399536","22.077000856399536","22.077000856399536","1284.956401348114","","22.077000856399536","","","build_time_and_search_new_153","153:<remote_artifact>","<remote_artifact>","new HDF5; one query worker; index_build_s retained"
"153","single_thread_range","reviewer-wide","wide","weaviate-hnsw","filter=wide;M=4;efC=500","1","2.0065629482269287","2.0065629482269287","2.0065629482269287","2527.023783683777","","2.0065629482269287","","","build_time_and_search_new_153","153:<remote_artifact>","<remote_artifact>","new HDF5; one query worker; index_build_s retained"
"153","single_thread_range","reviewer-wide","wide","weaviate-hnsw","filter=wide;M=64;efC=200","1","22.093801498413086","22.093801498413086","22.093801498413086","2240.3732690811157","","22.093801498413086","","","build_time_and_search_new_153","153:<remote_artifact>","<remote_artifact>","new HDF5; one query worker; index_build_s retained"
"153","single_thread_range","reviewer-wide","wide","weaviate-hnsw","filter=wide;M=64;efC=500","1","22.07689094543457","22.07689094543457","22.07689094543457","4692.0860641002655","","22.07689094543457","","","build_time_and_search_new_153","153:<remote_artifact>","<remote_artifact>","new HDF5; one query worker; index_build_s retained"
"153","single_thread_range","reviewer-wide","wide","weaviate-hnsw","filter=wide;M=8;efC=200","1","2.0079524517059326","2.0079524517059326","2.0079524517059326","1381.1492757797241","","2.0079524517059326","","","build_time_and_search_new_153","153:<remote_artifact>","<remote_artifact>","new HDF5; one query worker; index_build_s retained"
"153","single_thread_range","reviewer-wide","wide","weaviate-hnsw","filter=wide;M=8;efC=500","1","2.0063343048095703","2.0063343048095703","2.0063343048095703","2719.99631690979","","2.0063343048095703","","","build_time_and_search_new_153","153:<remote_artifact>","<remote_artifact>","new HDF5; one query worker; index_build_s retained"
"153","single_thread_range","reviewer-wide","wide","weaviate-hnsw","filter=wide;M=96;efC=200","1","2.0071756839752197","2.0071756839752197","2.0071756839752197","2173.586945295334","","2.0071756839752197","","","build_time_and_search_new_153","153:<remote_artifact>","<remote_artifact>","new HDF5; one query worker; index_build_s retained"
"153","single_thread_range","reviewer-wide","wide","weaviate-hnsw","filter=wide;M=96;efC=500","1","22.077256441116333","22.077256441116333","22.077256441116333","4761.993604183197","","22.077256441116333","","","build_time_and_search_new_153","153:<remote_artifact>","<remote_artifact>","new HDF5; one query worker; index_build_s retained"
"153","single_thread_range","reviewer-wide","wide","HNSWlib","filter=wide;M=128;efC=100","1","967.8195066452026","967.8195066452026","967.8195066452026","3.7688488960266113","","967.8195066452026","2683715196","","build_time_and_search_new_153","153:<remote_artifact>","<remote_artifact>","new HDF5; one query worker; index_build_s retained"
"153","single_thread_range","reviewer-wide","wide","HNSWlib","filter=wide;M=128;efC=400","1","2675.691117286682","2675.691117286682","2675.691117286682","3.7277421951293945","","2675.691117286682","2683715196","","build_time_and_search_new_153","153:<remote_artifact>","<remote_artifact>","new HDF5; one query worker; index_build_s retained"
"153","single_thread_range","reviewer-wide","wide","HNSWlib","filter=wide;M=32;efC=100","1","680.6090018749237","680.6090018749237","680.6090018749237","3.5863075256347656","","680.6090018749237","1927340460","","build_time_and_search_new_153","153:<remote_artifact>","<remote_artifact>","new HDF5; one query worker; index_build_s retained"
"153","single_thread_range","reviewer-wide","wide","HNSWlib","filter=wide;M=32;efC=400","1","2338.199840784073","2338.199840784073","2338.199840784073","3.4696178436279297","","2338.199840784073","1927340460","","build_time_and_search_new_153","153:<remote_artifact>","<remote_artifact>","new HDF5; one query worker; index_build_s retained"
"153","single_thread_range","reviewer-wide","wide","HNSWlib","filter=wide;M=64;efC=100","1","732.0629260540009","732.0629260540009","732.0629260540009","3.5798168182373047","","732.0629260540009","2179415036","","build_time_and_search_new_153","153:<remote_artifact>","<remote_artifact>","new HDF5; one query worker; index_build_s retained"
"153","single_thread_range","reviewer-wide","wide","HNSWlib","filter=wide;M=64;efC=400","1","2514.141359090805","2514.141359090805","2514.141359090805","3.7320332527160645","","2514.141359090805","2179415036","","build_time_and_search_new_153","153:<remote_artifact>","<remote_artifact>","new HDF5; one query worker; index_build_s retained"
"153","single_thread_range","reviewer-tight","tight","milvus-hnsw","filter=tight;M=128;efC=100","1","1675.6615958213806","1675.6615958213806","1675.6615958213806","162.10393857955933","","1675.6615958213806","","","build_time_and_search_new_153","153:<remote_artifact>","<remote_artifact>","new HDF5; one query worker; index_build_s retained"
"153","single_thread_range","reviewer-tight","tight","milvus-hnsw","filter=tight;M=128;efC=400","1","2061.779383659363","2061.779383659363","2061.779383659363","166.45638799667358","","2061.779383659363","","","build_time_and_search_new_153","153:<remote_artifact>","<remote_artifact>","new HDF5; one query worker; index_build_s retained"
"153","single_thread_range","reviewer-tight","tight","milvus-hnsw","filter=tight;M=32;efC=100","1","678.3222208023071","678.3222208023071","678.3222208023071","158.6450798511505","","678.3222208023071","","","build_time_and_search_new_153","153:<remote_artifact>","<remote_artifact>","new HDF5; one query worker; index_build_s retained"
"153","single_thread_range","reviewer-tight","tight","milvus-hnsw","filter=tight;M=32;efC=400","1","1948.7833786010742","1948.7833786010742","1948.7833786010742","158.3184938430786","","1948.7833786010742","","","build_time_and_search_new_153","153:<remote_artifact>","<remote_artifact>","new HDF5; one query worker; index_build_s retained"
"153","single_thread_range","reviewer-tight","tight","milvus-hnsw","filter=tight;M=64;efC=100","1","1241.7366757392883","1241.7366757392883","1241.7366757392883","154.70639514923096","","1241.7366757392883","","","build_time_and_search_new_153","153:<remote_artifact>","<remote_artifact>","new HDF5; one query worker; index_build_s retained"
"153","single_thread_range","reviewer-tight","tight","milvus-hnsw","filter=tight;M=64;efC=400","1","1988.7164723873138","1988.7164723873138","1988.7164723873138","161.85119104385376","","1988.7164723873138","","","build_time_and_search_new_153","153:<remote_artifact>","<remote_artifact>","new HDF5; one query worker; index_build_s retained"
"153","single_thread_range","reviewer-wide","wide","milvus-hnsw","filter=wide;M=128;efC=100","1","1907.7806663513184","1907.7806663513184","1907.7806663513184","171.89737391471863","","1907.7806663513184","","","build_time_and_search_new_153","153:<remote_artifact>","<remote_artifact>","new HDF5; one query worker; index_build_s retained"
"153","single_thread_range","reviewer-wide","wide","milvus-hnsw","filter=wide;M=128;efC=400","1","3579.430300474167","3579.430300474167","3579.430300474167","121.28726172447205","","3579.430300474167","","","build_time_and_search_new_153","153:<remote_artifact>","<remote_artifact>","new HDF5; one query worker; index_build_s retained"
"153","single_thread_range","reviewer-wide","wide","milvus-hnsw","filter=wide;M=32;efC=100","1","1188.4103834629059","1188.4103834629059","1188.4103834629059","126.34509301185608","","1188.4103834629059","","","build_time_and_search_new_153","153:<remote_artifact>","<remote_artifact>","new HDF5; one query worker; index_build_s retained"
"153","single_thread_range","reviewer-wide","wide","milvus-hnsw","filter=wide;M=32;efC=400","1","2544.0118544101715","2544.0118544101715","2544.0118544101715","117.01383900642395","","2544.0118544101715","","","build_time_and_search_new_153","153:<remote_artifact>","<remote_artifact>","new HDF5; one query worker; index_build_s retained"
"153","single_thread_range","reviewer-wide","wide","milvus-hnsw","filter=wide;M=64;efC=100","1","1662.7431862354279","1662.7431862354279","1662.7431862354279","113.38236880302429","","1662.7431862354279","","","build_time_and_search_new_153","153:<remote_artifact>","<remote_artifact>","new HDF5; one query worker; index_build_s retained"
"153","single_thread_range","reviewer-wide","wide","milvus-hnsw","filter=wide;M=64;efC=400","1","2441.800145149231","2441.800145149231","2441.800145149231","162.62336134910583","","2441.800145149231","","","build_time_and_search_new_153","153:<remote_artifact>","<remote_artifact>","new HDF5; one query worker; index_build_s retained"
"153","single_thread_range","tight","tight","RangePQ","filter=tight;m=4;nlist=1024;cz=1024;nbits=8;iter=200","1","163.71651411056519","163.71651411056519","163.71651411056519","35.112855672836304","","","","","build_time_and_search_new_153","153:<remote_artifact>","<remote_artifact>","RangePQ JSON summary; one query worker"
"153","single_thread_range","tight","tight","RangePQ","filter=tight;m=4;nlist=1024;cz=2048;nbits=8;iter=200","1","164.67757034301758","164.67757034301758","164.67757034301758","35.4125702381134","","","","","build_time_and_search_new_153","153:<remote_artifact>","<remote_artifact>","RangePQ JSON summary; one query worker"
"153","single_thread_range","tight","tight","RangePQ","filter=tight;m=4;nlist=512;cz=1024;nbits=8;iter=200","1","52.25529885292053","52.25529885292053","52.25529885292053","33.608996868133545","","","","","build_time_and_search_new_153","153:<remote_artifact>","<remote_artifact>","RangePQ JSON summary; one query worker"
"153","single_thread_range","tight","tight","RangePQ","filter=tight;m=4;nlist=512;cz=2048;nbits=8;iter=200","1","53.23870372772217","53.23870372772217","53.23870372772217","35.752949237823486","","","","","build_time_and_search_new_153","153:<remote_artifact>","<remote_artifact>","RangePQ JSON summary; one query worker"
"153","single_thread_range","wide","wide","RangePQ","filter=wide;m=4;nlist=1024;cz=1024;nbits=8;iter=200","1","165.1475818157196","165.1475818157196","165.1475818157196","33.98342490196228","","","","","build_time_and_search_new_153","153:<remote_artifact>","<remote_artifact>","RangePQ JSON summary; one query worker"
"153","single_thread_range","wide","wide","RangePQ","filter=wide;m=4;nlist=1024;cz=2048;nbits=8;iter=200","1","163.24202227592468","163.24202227592468","163.24202227592468","32.695308208465576","","","","","build_time_and_search_new_153","153:<remote_artifact>","<remote_artifact>","RangePQ JSON summary; one query worker"
"153","single_thread_range","wide","wide","RangePQ","filter=wide;m=4;nlist=512;cz=1024;nbits=8;iter=200","1","52.90166926383972","52.90166926383972","52.90166926383972","35.99893283843994","","","","","build_time_and_search_new_153","153:<remote_artifact>","<remote_artifact>","RangePQ JSON summary; one query worker"
"153","single_thread_range","wide","wide","RangePQ","filter=wide;m=4;nlist=512;cz=2048;nbits=8;iter=200","1","53.22872757911682","53.22872757911682","53.22872757911682","37.72891426086426","","","","","build_time_and_search_new_153","153:<remote_artifact>","<remote_artifact>","RangePQ JSON summary; one query worker"
"153","single_thread_range","reviewer-range","rerun","RangePQ","filter=rerun;m=4;nlist=1024;cz=2048;nbits=8;iter=200","1","163.1360423564911","163.1360423564911","163.1360423564911","31.379003286361694","","","","","build_time_and_search_new_153","153:<remote_artifact>","<remote_artifact>","RangePQ JSON summary; one query worker"
"153","single_thread_range","reviewer-range","rerun","RangePQ","filter=rerun;m=4;nlist=512;cz=1024;nbits=8;iter=200","1","51.39103889465332","51.39103889465332","51.39103889465332","30.94443368911743","","","","","build_time_and_search_new_153","153:<remote_artifact>","<remote_artifact>","RangePQ JSON summary; one query worker"
"153","single_thread_range","reviewer-range","rerun","RangePQ","filter=rerun;m=4;nlist=512;cz=2048;nbits=8;iter=200","1","52.39711594581604","52.39711594581604","52.39711594581604","31.01567578315735","","","","","build_time_and_search_new_153","153:<remote_artifact>","<remote_artifact>","RangePQ JSON summary; one query worker"
"153","single_thread_range","reviewer-range","rerun","RangePQ","filter=rerun;m=4;nlist=1024;cz=1024;nbits=8;iter=200","1","163.12979245185852","163.12979245185852","163.12979245185852","32.23635911941528","","","","","build_time_and_search_new_153","153:<remote_artifact>","<remote_artifact>","RangePQ JSON summary; one query worker"
"153","single_thread_range","reviewer-range","rerun","RangePQ","filter=rerun;m=4;nlist=1024;cz=2048;nbits=8;iter=200","1","163.22344088554382","163.22344088554382","163.22344088554382","32.60129690170288","","","","","build_time_and_search_new_153","153:<remote_artifact>","<remote_artifact>","RangePQ JSON summary; one query worker"
"153","single_thread_range","reviewer-range","rerun","RangePQ","filter=rerun;m=4;nlist=512;cz=1024;nbits=8;iter=200","1","52.18391180038452","52.18391180038452","52.18391180038452","32.15972948074341","","","","","build_time_and_search_new_153","153:<remote_artifact>","<remote_artifact>","RangePQ JSON summary; one query worker"
"153","single_thread_range","reviewer-range","rerun","RangePQ","filter=rerun;m=4;nlist=512;cz=2048;nbits=8;iter=200","1","51.95912170410156","51.95912170410156","51.95912170410156","32.30790567398071","","","","","build_time_and_search_new_153","153:<remote_artifact>","<remote_artifact>","RangePQ JSON summary; one query worker"
"153","single_thread_range","reviewer-range","rerun","RangePQ","filter=rerun;m=5;nlist=1024;cz=1024;nbits=8;iter=200","1","182.51888704299927","182.51888704299927","182.51888704299927","32.692630767822266","","","","","build_time_and_search_new_153","153:<remote_artifact>","<remote_artifact>","RangePQ JSON summary; one query worker"
"153","single_thread_range","reviewer-range","rerun","RangePQ","filter=rerun;m=5;nlist=1024;cz=2048;nbits=8;iter=200","1","181.85401272773743","181.85401272773743","181.85401272773743","32.44053316116333","","","","","build_time_and_search_new_153","153:<remote_artifact>","<remote_artifact>","RangePQ JSON summary; one query worker"
"153","single_thread_range","reviewer-range","rerun","RangePQ","filter=rerun;m=5;nlist=512;cz=1024;nbits=8;iter=200","1","58.255717277526855","58.255717277526855","58.255717277526855","32.48216485977173","","","","","build_time_and_search_new_153","153:<remote_artifact>","<remote_artifact>","RangePQ JSON summary; one query worker"
"153","single_thread_range","reviewer-range","rerun","RangePQ","filter=rerun;m=5;nlist=512;cz=2048;nbits=8;iter=200","1","57.79563522338867","57.79563522338867","57.79563522338867","32.3243043422699","","","","","build_time_and_search_new_153","153:<remote_artifact>","<remote_artifact>","RangePQ JSON summary; one query worker"
"153","single_thread_range","reviewer-range","rerun","RangePQ","filter=rerun;m=6;nlist=1024;cz=1024;nbits=8;iter=200","1","205.67735075950623","205.67735075950623","205.67735075950623","31.88712763786316","","","","","build_time_and_search_new_153","153:<remote_artifact>","<remote_artifact>","RangePQ JSON summary; one query worker"
"153","single_thread_range","reviewer-range","rerun","RangePQ","filter=rerun;m=6;nlist=1024;cz=2048;nbits=8;iter=200","1","205.3737177848816","205.3737177848816","205.3737177848816","32.042115688323975","","","","","build_time_and_search_new_153","153:<remote_artifact>","<remote_artifact>","RangePQ JSON summary; one query worker"
"153","single_thread_range","reviewer-range","rerun","RangePQ","filter=rerun;m=6;nlist=512;cz=1024;nbits=8;iter=200","1","65.42301344871521","65.42301344871521","65.42301344871521","32.429858684539795","","","","","build_time_and_search_new_153","153:<remote_artifact>","<remote_artifact>","RangePQ JSON summary; one query worker"
"153","single_thread_range","reviewer-range","rerun","RangePQ","filter=rerun;m=6;nlist=512;cz=2048;nbits=8;iter=200","1","65.28054809570312","65.28054809570312","65.28054809570312","32.58680725097656","","","","","build_time_and_search_new_153","153:<remote_artifact>","<remote_artifact>","RangePQ JSON summary; one query worker"
"153","single_thread_range","reviewer-range","rerun","RangePQ","filter=rerun;m=7;nlist=1024;cz=1024;nbits=8;iter=200","1","229.61969900131226","229.61969900131226","229.61969900131226","32.68944764137268","","","","","build_time_and_search_new_153","153:<remote_artifact>","<remote_artifact>","RangePQ JSON summary; one query worker"
"153","single_thread_range","reviewer-range","rerun","RangePQ","filter=rerun;m=7;nlist=1024;cz=2048;nbits=8;iter=200","1","227.5891559123993","227.5891559123993","227.5891559123993","31.94842839241028","","","","","build_time_and_search_new_153","153:<remote_artifact>","<remote_artifact>","RangePQ JSON summary; one query worker"
"153","single_thread_range","reviewer-range","rerun","RangePQ","filter=rerun;m=7;nlist=512;cz=1024;nbits=8;iter=200","1","71.93372130393982","71.93372130393982","71.93372130393982","32.40298819541931","","","","","build_time_and_search_new_153","153:<remote_artifact>","<remote_artifact>","RangePQ JSON summary; one query worker"
"153","single_thread_range","reviewer-range","rerun","RangePQ","filter=rerun;m=7;nlist=512;cz=2048;nbits=8;iter=200","1","71.9662344455719","71.9662344455719","71.9662344455719","32.34664511680603","","","","","build_time_and_search_new_153","153:<remote_artifact>","<remote_artifact>","RangePQ JSON summary; one query worker"
"153","single_thread_range_raw_logs","reviewer_n1m_f1_r10pct_static","tight","ACORN","gamma=20;M=128;M_beta=256;efC=100;threads=1","1","23625.761","23625.761","23625.761","","","","","","build_time_and_search_new_153_raw_log","153:<remote_artifact>","<remote_artifact>","ACORN raw range log; explicit Wrote hybrid index timestamp; log reports OMP=28 for INDEX BUILD while filename suffix t1 is retained as a command/file parameter, not interpreted as measured thread count"
"153","single_thread_range_raw_logs","reviewer_n1m_f1_r10pct_static","tight","ACORN","gamma=20;M=128;M_beta=256;efC=400;threads=1","1","36386.179","36386.179","36386.179","","","","","","build_time_and_search_new_153_raw_log","153:<remote_artifact>","<remote_artifact>","ACORN raw range log; explicit Wrote hybrid index timestamp; log reports OMP=28 for INDEX BUILD while filename suffix t1 is retained as a command/file parameter, not interpreted as measured thread count"
"153","single_thread_range_raw_logs","reviewer_n1m_f1_r10pct_static","tight","ACORN","gamma=20;M=32;M_beta=64;efC=100;threads=1","1","6155.382","6155.382","6155.382","","","","","","build_time_and_search_new_153_raw_log","153:<remote_artifact>","<remote_artifact>","ACORN raw range log; explicit Wrote hybrid index timestamp; log reports OMP=28 for INDEX BUILD while filename suffix t1 is retained as a command/file parameter, not interpreted as measured thread count"
"153","single_thread_range_raw_logs","reviewer_n1m_f1_r10pct_static","tight","ACORN","gamma=20;M=32;M_beta=64;efC=400;threads=1","1","19727.629","19727.629","19727.629","","","","","","build_time_and_search_new_153_raw_log","153:<remote_artifact>","<remote_artifact>","ACORN raw range log; explicit Wrote hybrid index timestamp; log reports OMP=28 for INDEX BUILD while filename suffix t1 is retained as a command/file parameter, not interpreted as measured thread count"
"153","single_thread_range_raw_logs","reviewer_n1m_f1_r10pct_static","tight","ACORN","gamma=20;M=64;M_beta=128;efC=100;threads=1","1","13877.321","13877.321","13877.321","","","","","","build_time_and_search_new_153_raw_log","153:<remote_artifact>","<remote_artifact>","ACORN raw range log; explicit Wrote hybrid index timestamp; log reports OMP=28 for INDEX BUILD while filename suffix t1 is retained as a command/file parameter, not interpreted as measured thread count"
"153","single_thread_range_raw_logs","reviewer_n1m_f1_r10pct_static","tight","ACORN","gamma=20;M=64;M_beta=128;efC=400;threads=1","1","28571.75","28571.75","28571.75","","","","","","build_time_and_search_new_153_raw_log","153:<remote_artifact>","<remote_artifact>","ACORN raw range log; explicit Wrote hybrid index timestamp; log reports OMP=28 for INDEX BUILD while filename suffix t1 is retained as a command/file parameter, not interpreted as measured thread count"
"153","single_thread_range_raw_logs","reviewer_n1m_f1_r10pct_static","tight","ACORN","gamma=8;M=128;M_beta=256;efC=100;threads=1","1","27395.979","27395.979","27395.979","","","","","","build_time_and_search_new_153_raw_log","153:<remote_artifact>","<remote_artifact>","ACORN raw range log; explicit Wrote hybrid index timestamp; log reports OMP=28 for INDEX BUILD while filename suffix t1 is retained as a command/file parameter, not interpreted as measured thread count"
"153","single_thread_range_raw_logs","reviewer_n1m_f1_r10pct_static","tight","ACORN","gamma=8;M=128;M_beta=256;efC=400;threads=1","1","44943.22","44943.22","44943.22","","","","","","build_time_and_search_new_153_raw_log","153:<remote_artifact>","<remote_artifact>","ACORN raw range log; explicit Wrote hybrid index timestamp; log reports OMP=28 for INDEX BUILD while filename suffix t1 is retained as a command/file parameter, not interpreted as measured thread count"
"153","single_thread_range_raw_logs","reviewer_n1m_f1_r10pct_static","tight","ACORN","gamma=8;M=32;M_beta=64;efC=100;threads=1","1","7578.809","7578.809","7578.809","","","","","","build_time_and_search_new_153_raw_log","153:<remote_artifact>","<remote_artifact>","ACORN raw range log; explicit Wrote hybrid index timestamp; log reports OMP=28 for INDEX BUILD while filename suffix t1 is retained as a command/file parameter, not interpreted as measured thread count"
"153","single_thread_range_raw_logs","reviewer_n1m_f1_r10pct_static","tight","ACORN","gamma=8;M=32;M_beta=64;efC=400;threads=1","1","17099.245","17099.245","17099.245","","","","","","build_time_and_search_new_153_raw_log","153:<remote_artifact>","<remote_artifact>","ACORN raw range log; explicit Wrote hybrid index timestamp; log reports OMP=28 for INDEX BUILD while filename suffix t1 is retained as a command/file parameter, not interpreted as measured thread count"
"153","single_thread_range_raw_logs","reviewer_n1m_f1_r10pct_static","tight","ACORN","gamma=8;M=64;M_beta=128;efC=100;threads=1","1","14295.125","14295.125","14295.125","","","","","","build_time_and_search_new_153_raw_log","153:<remote_artifact>","<remote_artifact>","ACORN raw range log; explicit Wrote hybrid index timestamp; log reports OMP=28 for INDEX BUILD while filename suffix t1 is retained as a command/file parameter, not interpreted as measured thread count"
"153","single_thread_range_raw_logs","reviewer_n1m_f1_r10pct_static","tight","ACORN","gamma=8;M=64;M_beta=128;efC=400;threads=1","1","29783.326","29783.326","29783.326","","","","","","build_time_and_search_new_153_raw_log","153:<remote_artifact>","<remote_artifact>","ACORN raw range log; explicit Wrote hybrid index timestamp; log reports OMP=28 for INDEX BUILD while filename suffix t1 is retained as a command/file parameter, not interpreted as measured thread count"
"153","single_thread_range_raw_logs","reviewer_n1m_f1_r50pct_static","wide","ACORN","gamma=2;M=128;M_beta=256;efC=100;threads=1","1","27159.889","27159.889","27159.889","","","","","","build_time_and_search_new_153_raw_log","153:<remote_artifact>","<remote_artifact>","ACORN raw range log; explicit Wrote hybrid index timestamp; log reports OMP=28 for INDEX BUILD while filename suffix t1 is retained as a command/file parameter, not interpreted as measured thread count"
"153","single_thread_range_raw_logs","reviewer_n1m_f1_r50pct_static","wide","ACORN","gamma=2;M=128;M_beta=256;efC=400;threads=1","1","48551.553","48551.553","48551.553","","","","","","build_time_and_search_new_153_raw_log","153:<remote_artifact>","<remote_artifact>","ACORN raw range log; explicit Wrote hybrid index timestamp; log reports OMP=28 for INDEX BUILD while filename suffix t1 is retained as a command/file parameter, not interpreted as measured thread count"
"153","single_thread_range_raw_logs","reviewer_n1m_f1_r50pct_static","wide","ACORN","gamma=2;M=32;M_beta=64;efC=100;threads=1","1","5389.381","5389.381","5389.381","","","","","","build_time_and_search_new_153_raw_log","153:<remote_artifact>","<remote_artifact>","ACORN raw range log; explicit Wrote hybrid index timestamp; log reports OMP=28 for INDEX BUILD while filename suffix t1 is retained as a command/file parameter, not interpreted as measured thread count"
"153","single_thread_range_raw_logs","reviewer_n1m_f1_r50pct_static","wide","ACORN","gamma=2;M=32;M_beta=64;efC=400;threads=1","1","648.067","648.067","648.067","","","","","","build_time_and_search_new_153_raw_log","153:<remote_artifact>","<remote_artifact>","ACORN raw range log; explicit Wrote hybrid index timestamp; log reports OMP=28 for INDEX BUILD while filename suffix t1 is retained as a command/file parameter, not interpreted as measured thread count"
"153","single_thread_range_raw_logs","reviewer_n1m_f1_r50pct_static","wide","ACORN","gamma=2;M=64;M_beta=128;efC=100;threads=1","1","14402.341","14402.341","14402.341","","","","","","build_time_and_search_new_153_raw_log","153:<remote_artifact>","<remote_artifact>","ACORN raw range log; explicit Wrote hybrid index timestamp; log reports OMP=28 for INDEX BUILD while filename suffix t1 is retained as a command/file parameter, not interpreted as measured thread count"
"153","single_thread_range_raw_logs","reviewer_n1m_f1_r50pct_static","wide","ACORN","gamma=2;M=64;M_beta=128;efC=400;threads=1","1","1354.919","1354.919","1354.919","","","","","","build_time_and_search_new_153_raw_log","153:<remote_artifact>","<remote_artifact>","ACORN raw range log; explicit Wrote hybrid index timestamp; log reports OMP=28 for INDEX BUILD while filename suffix t1 is retained as a command/file parameter, not interpreted as measured thread count"
"153","single_thread_range_raw_logs","reviewer_n1m_f1_r50pct_static","wide","ACORN","gamma=6;M=128;M_beta=256;efC=100;threads=1","1","26221.342","26221.342","26221.342","","","","","","build_time_and_search_new_153_raw_log","153:<remote_artifact>","<remote_artifact>","ACORN raw range log; explicit Wrote hybrid index timestamp; log reports OMP=28 for INDEX BUILD while filename suffix t1 is retained as a command/file parameter, not interpreted as measured thread count"
"153","single_thread_range_raw_logs","reviewer_n1m_f1_r50pct_static","wide","ACORN","gamma=6;M=128;M_beta=256;efC=400;threads=1","1","46872.606","46872.606","46872.606","","","","","","build_time_and_search_new_153_raw_log","153:<remote_artifact>","<remote_artifact>","ACORN raw range log; explicit Wrote hybrid index timestamp; log reports OMP=28 for INDEX BUILD while filename suffix t1 is retained as a command/file parameter, not interpreted as measured thread count"
"153","single_thread_range_raw_logs","reviewer_n1m_f1_r50pct_static","wide","ACORN","gamma=6;M=32;M_beta=64;efC=100;threads=1","1","7281.006","7281.006","7281.006","","","","","","build_time_and_search_new_153_raw_log","153:<remote_artifact>","<remote_artifact>","ACORN raw range log; explicit Wrote hybrid index timestamp; log reports OMP=28 for INDEX BUILD while filename suffix t1 is retained as a command/file parameter, not interpreted as measured thread count"
"153","single_thread_range_raw_logs","reviewer_n1m_f1_r50pct_static","wide","ACORN","gamma=6;M=32;M_beta=64;efC=400;threads=1","1","1785.345","1785.345","1785.345","","","","","","build_time_and_search_new_153_raw_log","153:<remote_artifact>","<remote_artifact>","ACORN raw range log; explicit Wrote hybrid index timestamp; log reports OMP=28 for INDEX BUILD while filename suffix t1 is retained as a command/file parameter, not interpreted as measured thread count"
"153","single_thread_range_raw_logs","reviewer_n1m_f1_r50pct_static","wide","ACORN","gamma=6;M=64;M_beta=128;efC=100;threads=1","1","13456.404","13456.404","13456.404","","","","","","build_time_and_search_new_153_raw_log","153:<remote_artifact>","<remote_artifact>","ACORN raw range log; explicit Wrote hybrid index timestamp; log reports OMP=28 for INDEX BUILD while filename suffix t1 is retained as a command/file parameter, not interpreted as measured thread count"
"153","single_thread_range_raw_logs","reviewer_n1m_f1_r50pct_static","wide","ACORN","gamma=6;M=64;M_beta=128;efC=400;threads=1","1","25920.787","25920.787","25920.787","","","","","","build_time_and_search_new_153_raw_log","153:<remote_artifact>","<remote_artifact>","ACORN raw range log; explicit Wrote hybrid index timestamp; log reports OMP=28 for INDEX BUILD while filename suffix t1 is retained as a command/file parameter, not interpreted as measured thread count"
"153","single_thread_range_raw_logs","reviewer_n1m_f1_r10pct_static","tight","DiGRA","m=128;efC=100","1","11724.8","11724.8","11724.8","","","","","","build_time_and_search_new_153_raw_log","153:<remote_artifact>","<remote_artifact>","DiGRA raw range log; explicit build time and ef/recall@100/qps@100"
"153","single_thread_range_raw_logs","reviewer_n1m_f1_r10pct_static","tight","DiGRA","m=128;efC=400","1","51737.8","51737.8","51737.8","","","","","","build_time_and_search_new_153_raw_log","153:<remote_artifact>","<remote_artifact>","DiGRA raw range log; explicit build time and ef/recall@100/qps@100"
"153","single_thread_range_raw_logs","reviewer_n1m_f1_r10pct_static","tight","DiGRA","m=32;efC=100","1","8069.09","8069.09","8069.09","","","","","","build_time_and_search_new_153_raw_log","153:<remote_artifact>","<remote_artifact>","DiGRA raw range log; explicit build time and ef/recall@100/qps@100"
"153","single_thread_range_raw_logs","reviewer_n1m_f1_r10pct_static","tight","DiGRA","m=32;efC=400","1","25427.6","25427.6","25427.6","","","","","","build_time_and_search_new_153_raw_log","153:<remote_artifact>","<remote_artifact>","DiGRA raw range log; explicit build time and ef/recall@100/qps@100"
"153","single_thread_range_raw_logs","reviewer_n1m_f1_r10pct_static","tight","DiGRA","m=64;efC=100","1","12104.6","12104.6","12104.6","","","","","","build_time_and_search_new_153_raw_log","153:<remote_artifact>","<remote_artifact>","DiGRA raw range log; explicit build time and ef/recall@100/qps@100"
"153","single_thread_range_raw_logs","reviewer_n1m_f1_r10pct_static","tight","DiGRA","m=64;efC=400","1","34692.6","34692.6","34692.6","","","","","","build_time_and_search_new_153_raw_log","153:<remote_artifact>","<remote_artifact>","DiGRA raw range log; explicit build time and ef/recall@100/qps@100"
"153","single_thread_range_raw_logs","reviewer_n1m_f1_r50pct_static","wide","DiGRA","m=128;efC=100","1","11382.2","11382.2","11382.2","","","","","","build_time_and_search_new_153_raw_log","153:<remote_artifact>","<remote_artifact>","DiGRA raw range log; explicit build time and ef/recall@100/qps@100"
"153","single_thread_range_raw_logs","reviewer_n1m_f1_r50pct_static","wide","DiGRA","m=128;efC=400","1","48223.6","48223.6","48223.6","","","","","","build_time_and_search_new_153_raw_log","153:<remote_artifact>","<remote_artifact>","DiGRA raw range log; explicit build time and ef/recall@100/qps@100"
"153","single_thread_range_raw_logs","reviewer_n1m_f1_r50pct_static","wide","DiGRA","m=32;efC=100","1","6479.9","6479.9","6479.9","","","","","","build_time_and_search_new_153_raw_log","153:<remote_artifact>","<remote_artifact>","DiGRA raw range log; explicit build time and ef/recall@100/qps@100"
"153","single_thread_range_raw_logs","reviewer_n1m_f1_r50pct_static","wide","DiGRA","m=32;efC=400","1","24196.2","24196.2","24196.2","","","","","","build_time_and_search_new_153_raw_log","153:<remote_artifact>","<remote_artifact>","DiGRA raw range log; explicit build time and ef/recall@100/qps@100"
"153","single_thread_range_raw_logs","reviewer_n1m_f1_r50pct_static","wide","DiGRA","m=64;efC=100","1","10825.6","10825.6","10825.6","","","","","","build_time_and_search_new_153_raw_log","153:<remote_artifact>","<remote_artifact>","DiGRA raw range log; explicit build time and ef/recall@100/qps@100"
"153","single_thread_range_raw_logs","reviewer_n1m_f1_r50pct_static","wide","DiGRA","m=64;efC=400","1","32378.3","32378.3","32378.3","","","","","","build_time_and_search_new_153_raw_log","153:<remote_artifact>","<remote_artifact>","DiGRA raw range log; explicit build time and ef/recall@100/qps@100"
"153","single_thread_range_raw_csv","reviewer_n1m_f1_static","tight","iRangeGraph","M=32;variant=mixed","1","","","","","","","","","search_only_no_build_time_new_153","153:<remote_artifact>","<remote_artifact>","iRangeGraph raw CSV has no construction-time field; retained as search-only evidence"
"153","single_thread_range_raw_csv","reviewer_n1m_f1_static","wide","iRangeGraph","M=32;variant=mixed","1","","","","","","","","","search_only_no_build_time_new_153","153:<remote_artifact>","<remote_artifact>","iRangeGraph raw CSV has no construction-time field; retained as search-only evidence"
"186","udf_28t_20260811","artificial-udf-12","expensive-udf-12","elasticsearch-hnsw","metric=euclidean;dim=256;M=128;efConstruction=100","1","537.1021418571472","537.1021418571472","537.1021418571472","","535.0951266288757","2.0070152282714844","-97612","","build_time_and_search_new_186","186:<remote_artifact>","<remote_artifact>","BVB UDF result; native UDF for Elasticsearch/HNSWlib, precomputed-label control for Milvus"
"186","udf_28t_20260811","artificial-udf-12","expensive-udf-12","elasticsearch-hnsw","metric=euclidean;dim=256;M=128;efConstruction=400","1","688.6783323287964","688.6783323287964","688.6783323287964","","686.6728460788727","2.005486249923706","117308","","build_time_and_search_new_186","186:<remote_artifact>","<remote_artifact>","BVB UDF result; native UDF for Elasticsearch/HNSWlib, precomputed-label control for Milvus"
"186","udf_28t_20260811","artificial-udf-12","expensive-udf-12","elasticsearch-hnsw","metric=euclidean;dim=256;M=32;efConstruction=100","1","536.4623231887817","536.4623231887817","536.4623231887817","","534.4557936191559","2.0065295696258545","46704","","build_time_and_search_new_186","186:<remote_artifact>","<remote_artifact>","BVB UDF result; native UDF for Elasticsearch/HNSWlib, precomputed-label control for Milvus"
"186","udf_28t_20260811","artificial-udf-12","expensive-udf-12","elasticsearch-hnsw","metric=euclidean;dim=256;M=32;efConstruction=400","1","647.7415816783905","647.7415816783905","647.7415816783905","","645.7339949607849","2.007586717605591","-88","","build_time_and_search_new_186","186:<remote_artifact>","<remote_artifact>","BVB UDF result; native UDF for Elasticsearch/HNSWlib, precomputed-label control for Milvus"
"186","udf_28t_20260811","artificial-udf-12","expensive-udf-12","elasticsearch-hnsw","metric=euclidean;dim=256;M=64;efConstruction=100","1","540.4722425937653","540.4722425937653","540.4722425937653","","538.4657773971558","2.006465196609497","-184","","build_time_and_search_new_186","186:<remote_artifact>","<remote_artifact>","BVB UDF result; native UDF for Elasticsearch/HNSWlib, precomputed-label control for Milvus"
"186","udf_28t_20260811","artificial-udf-12","expensive-udf-12","elasticsearch-hnsw","metric=euclidean;dim=256;M=64;efConstruction=400","1","685.5835301876068","685.5835301876068","685.5835301876068","","683.5764191150665","2.007111072540283","163452","","build_time_and_search_new_186","186:<remote_artifact>","<remote_artifact>","BVB UDF result; native UDF for Elasticsearch/HNSWlib, precomputed-label control for Milvus"
"186","udf_28t_20260811","artificial-udf-12","expensive-udf-12","HNSWlib","metric=euclidean;dim=256;M=128;efConstruction=100","1","44.22719430923462","44.22719430923462","44.22719430923462","","1.0111768245697021","43.21601748466492","604840","","build_time_and_search_new_186","186:<remote_artifact>","<remote_artifact>","BVB UDF result; native UDF for Elasticsearch/HNSWlib, precomputed-label control for Milvus"
"186","udf_28t_20260811","artificial-udf-12","expensive-udf-12","HNSWlib","metric=euclidean;dim=256;M=128;efConstruction=400","1","176.62836074829102","176.62836074829102","176.62836074829102","","1.0097613334655762","175.61859941482544","840","","build_time_and_search_new_186","186:<remote_artifact>","<remote_artifact>","BVB UDF result; native UDF for Elasticsearch/HNSWlib, precomputed-label control for Milvus"
"186","udf_28t_20260811","artificial-udf-12","expensive-udf-12","HNSWlib","metric=euclidean;dim=256;M=32;efConstruction=100","1","25.389597177505493","25.389597177505493","25.389597177505493","","0.00004410743713378906","25.38955307006836","0","","build_time_and_search_new_186","186:<remote_artifact>","<remote_artifact>","BVB UDF result; native UDF for Elasticsearch/HNSWlib, precomputed-label control for Milvus"
"186","udf_28t_20260811","artificial-udf-12","expensive-udf-12","HNSWlib","metric=euclidean;dim=256;M=32;efConstruction=400","1","137.13770198822021","137.13770198822021","137.13770198822021","","0.00004291534423828125","137.13765907287598","0","","build_time_and_search_new_186","186:<remote_artifact>","<remote_artifact>","BVB UDF result; native UDF for Elasticsearch/HNSWlib, precomputed-label control for Milvus"
"186","udf_28t_20260811","artificial-udf-12","expensive-udf-12","HNSWlib","metric=euclidean;dim=256;M=64;efConstruction=100","1","28.04885745048523","28.04885745048523","28.04885745048523","","0.000041484832763671875","28.048815965652466","0","","build_time_and_search_new_186","186:<remote_artifact>","<remote_artifact>","BVB UDF result; native UDF for Elasticsearch/HNSWlib, precomputed-label control for Milvus"
"186","udf_28t_20260811","artificial-udf-12","expensive-udf-12","HNSWlib","metric=euclidean;dim=256;M=64;efConstruction=400","1","164.2900595664978","164.2900595664978","164.2900595664978","","0.00004458427429199219","164.2900149822235","0","","build_time_and_search_new_186","186:<remote_artifact>","<remote_artifact>","BVB UDF result; native UDF for Elasticsearch/HNSWlib, precomputed-label control for Milvus"
"186","udf_28t_20260811","artificial-udf-12","expensive-udf-12","milvus-hnsw","metric=euclidean;dim=256;M=128;efConstruction=100","1","100.27697324752808","100.27697324752808","100.27697324752808","","45.2170684337616","55.05990481376648","2477796","","build_time_and_search_new_186","186:<remote_artifact>","<remote_artifact>","BVB UDF result; native UDF for Elasticsearch/HNSWlib, precomputed-label control for Milvus"
"186","udf_28t_20260811","artificial-udf-12","expensive-udf-12","milvus-hnsw","metric=euclidean;dim=256;M=128;efConstruction=400","1","128.25058507919312","128.25058507919312","128.25058507919312","","44.930641889572144","83.31994318962097","2439816","","build_time_and_search_new_186","186:<remote_artifact>","<remote_artifact>","BVB UDF result; native UDF for Elasticsearch/HNSWlib, precomputed-label control for Milvus"
"186","udf_28t_20260811","artificial-udf-12","expensive-udf-12","milvus-hnsw","metric=euclidean;dim=256;M=32;efConstruction=100","1","72.94025897979736","72.94025897979736","72.94025897979736","","44.68918776512146","28.251071214675903","1570048","","build_time_and_search_new_186","186:<remote_artifact>","<remote_artifact>","BVB UDF result; native UDF for Elasticsearch/HNSWlib, precomputed-label control for Milvus"
"186","udf_28t_20260811","artificial-udf-12","expensive-udf-12","milvus-hnsw","metric=euclidean;dim=256;M=32;efConstruction=400","1","119.70562887191772","119.70562887191772","119.70562887191772","","43.99791646003723","75.7077124118805","1691112","","build_time_and_search_new_186","186:<remote_artifact>","<remote_artifact>","BVB UDF result; native UDF for Elasticsearch/HNSWlib, precomputed-label control for Milvus"
"186","udf_28t_20260811","artificial-udf-12","expensive-udf-12","milvus-hnsw","metric=euclidean;dim=256;M=64;efConstruction=100","1","87.74924683570862","87.74924683570862","87.74924683570862","","45.149969816207886","42.59927701950073","1928080","","build_time_and_search_new_186","186:<remote_artifact>","<remote_artifact>","BVB UDF result; native UDF for Elasticsearch/HNSWlib, precomputed-label control for Milvus"
"186","udf_28t_20260811","artificial-udf-12","expensive-udf-12","milvus-hnsw","metric=euclidean;dim=256;M=64;efConstruction=400","1","128.15165901184082","128.15165901184082","128.15165901184082","","45.19501185417175","82.95664715766907","1856296","","build_time_and_search_new_186","186:<remote_artifact>","<remote_artifact>","BVB UDF result; native UDF for Elasticsearch/HNSWlib, precomputed-label control for Milvus"
"186","udf_28t_20260811","artificial-udf-12","expensive-udf-12","milvus-gpu-cagra","metric=euclidean;dim=256;build_algo=IVF_PQ;graph_degree=16;intermediate_graph_degree=32","1","130.3683888912201","130.3683888912201","130.3683888912201","","44.642489433288574","85.72589945793152","653096","","build_time_and_search_new_186","186:<remote_artifact>","<remote_artifact>","BVB UDF result; native UDF for Elasticsearch/HNSWlib, precomputed-label control for Milvus"
"186","udf_28t_20260811","artificial-udf-12","expensive-udf-12","milvus-gpu-cagra","metric=euclidean;dim=256;build_algo=IVF_PQ;graph_degree=32;intermediate_graph_degree=64","1","298.8470311164856","298.8470311164856","298.8470311164856","","44.727778673172","254.1192524433136","604032","","build_time_and_search_new_186","186:<remote_artifact>","<remote_artifact>","BVB UDF result; native UDF for Elasticsearch/HNSWlib, precomputed-label control for Milvus"
"186","udf_28t_20260811","artificial-udf-12","expensive-udf-12","milvus-gpu-cagra","metric=euclidean;dim=256;build_algo=IVF_PQ;graph_degree=64;intermediate_graph_degree=128","1","275.3283221721649","275.3283221721649","275.3283221721649","","44.603822231292725","230.7244999408722","1431984","","build_time_and_search_new_186","186:<remote_artifact>","<remote_artifact>","BVB UDF result; native UDF for Elasticsearch/HNSWlib, precomputed-label control for Milvus"
"186","udf_28t_20260811","artificial-udf-12","expensive-udf-12","milvus-gpu-cagra","metric=euclidean;dim=256;build_algo=NN_DESCENT;graph_degree=16;intermediate_graph_degree=32","1","102.53581547737122","102.53581547737122","102.53581547737122","","44.50553917884827","58.03027629852295","138972","","build_time_and_search_new_186","186:<remote_artifact>","<remote_artifact>","BVB UDF result; native UDF for Elasticsearch/HNSWlib, precomputed-label control for Milvus"
"186","udf_28t_20260811","artificial-udf-12","expensive-udf-12","milvus-gpu-cagra","metric=euclidean;dim=256;build_algo=NN_DESCENT;graph_degree=32;intermediate_graph_degree=64","1","125.17953753471375","125.17953753471375","125.17953753471375","","43.648317098617554","81.53122043609619","816644","","build_time_and_search_new_186","186:<remote_artifact>","<remote_artifact>","BVB UDF result; native UDF for Elasticsearch/HNSWlib, precomputed-label control for Milvus"
"186","udf_28t_20260811","artificial-udf-12","expensive-udf-12","milvus-gpu-cagra","metric=euclidean;dim=256;build_algo=NN_DESCENT;graph_degree=64;intermediate_graph_degree=128","1","227.3573808670044","227.3573808670044","227.3573808670044","","45.35589003562927","182.00149083137512","482840","","build_time_and_search_new_186","186:<remote_artifact>","<remote_artifact>","BVB UDF result; native UDF for Elasticsearch/HNSWlib, precomputed-label control for Milvus"
"186","udf_28t_20260811","artificial-udf-12","expensive-udf-12-control","ACORN","gamma=20;M=128;M_beta=256;efC=100","1","549.893","549.893","549.893","","","","","","build_time_and_search_new_186","186:<remote_artifact>","<remote_artifact>","ACORN attribute-aware precomputed udf_pass control; build time from Wrote hybrid index"
"186","udf_28t_20260811","artificial-udf-12","expensive-udf-12-control","ACORN","gamma=20;M=128;M_beta=256;efC=400","1","1054.481","1054.481","1054.481","","","","","","build_time_and_search_new_186","186:<remote_artifact>","<remote_artifact>","ACORN attribute-aware precomputed udf_pass control; build time from Wrote hybrid index"
"186","udf_28t_20260811","artificial-udf-12","expensive-udf-12-control","ACORN","gamma=20;M=32;M_beta=64;efC=100","1","193.638","193.638","193.638","","","","","","build_time_and_search_new_186","186:<remote_artifact>","<remote_artifact>","ACORN attribute-aware precomputed udf_pass control; build time from Wrote hybrid index"
"186","udf_28t_20260811","artificial-udf-12","expensive-udf-12-control","ACORN","gamma=20;M=32;M_beta=64;efC=400","1","413.41","413.41","413.41","","","","","","build_time_and_search_new_186","186:<remote_artifact>","<remote_artifact>","ACORN attribute-aware precomputed udf_pass control; build time from Wrote hybrid index"
"186","udf_28t_20260811","artificial-udf-12","expensive-udf-12-control","ACORN","gamma=20;M=64;M_beta=128;efC=100","1","283.898","283.898","283.898","","","","","","build_time_and_search_new_186","186:<remote_artifact>","<remote_artifact>","ACORN attribute-aware precomputed udf_pass control; build time from Wrote hybrid index"
"186","udf_28t_20260811","artificial-udf-12","expensive-udf-12-control","ACORN","gamma=20;M=64;M_beta=128;efC=400","1","620.142","620.142","620.142","","","","","","build_time_and_search_new_186","186:<remote_artifact>","<remote_artifact>","ACORN attribute-aware precomputed udf_pass control; build time from Wrote hybrid index"
"186","udf_28t_20260811","artificial-udf-12","expensive-udf-12-control","ACORN","gamma=8;M=128;M_beta=256;efC=100","1","547.422","547.422","547.422","","","","","","build_time_and_search_new_186","186:<remote_artifact>","<remote_artifact>","ACORN attribute-aware precomputed udf_pass control; build time from Wrote hybrid index"
"186","udf_28t_20260811","artificial-udf-12","expensive-udf-12-control","ACORN","gamma=8;M=128;M_beta=256;efC=400","1","1084.366","1084.366","1084.366","","","","","","build_time_and_search_new_186","186:<remote_artifact>","<remote_artifact>","ACORN attribute-aware precomputed udf_pass control; build time from Wrote hybrid index"
"186","udf_28t_20260811","artificial-udf-12","expensive-udf-12-control","ACORN","gamma=8;M=32;M_beta=64;efC=100","1","197.923","197.923","197.923","","","","","","build_time_and_search_new_186","186:<remote_artifact>","<remote_artifact>","ACORN attribute-aware precomputed udf_pass control; build time from Wrote hybrid index"
"186","udf_28t_20260811","artificial-udf-12","expensive-udf-12-control","ACORN","gamma=8;M=32;M_beta=64;efC=400","1","367.721","367.721","367.721","","","","","","build_time_and_search_new_186","186:<remote_artifact>","<remote_artifact>","ACORN attribute-aware precomputed udf_pass control; build time from Wrote hybrid index"
"186","udf_28t_20260811","artificial-udf-12","expensive-udf-12-control","ACORN","gamma=8;M=64;M_beta=128;efC=100","1","279.528","279.528","279.528","","","","","","build_time_and_search_new_186","186:<remote_artifact>","<remote_artifact>","ACORN attribute-aware precomputed udf_pass control; build time from Wrote hybrid index"
"186","udf_28t_20260811","artificial-udf-12","expensive-udf-12-control","ACORN","gamma=8;M=64;M_beta=128;efC=400","1","633.26","633.26","633.26","","","","","","build_time_and_search_new_186","186:<remote_artifact>","<remote_artifact>","ACORN attribute-aware precomputed udf_pass control; build time from Wrote hybrid index"
